<?xml version="1.0" encoding="UTF-8"?>

<ImplementationGuide xmlns="http://hl7.org/fhir">
  <id value="medcom.fhir.dk.testscripts.hospitalnotification"/>
  <text>
    <status value="extensions"/><div xmlns="http://www.w3.org/1999/xhtml"><h2>HospitalNotificationTestscripts</h2><p>The official URL for this implementation guide is: </p><pre>http://example.org/fhir/fish/ImplementationGuide/medcom.fhir.dk.testscripts.hospitalnotification</pre><div><p>Testscripts for HospitalNotification v. 3.0.0</p>
</div></div>
  </text>
  <url value="http://example.org/fhir/fish/ImplementationGuide/medcom.fhir.dk.testscripts.hospitalnotification"/>
  <version value="1.0.0-b1"/>
  <name value="HospitalNotificationTestscripts"/>
  <title value="HospitalNotification Testscripts"/>
  <status value="draft"/>
  <date value="2023-04-14T12:59:27+02:00"/>
  <contact>
    <name value="MedCom"/>
    <telecom>
      <system value="email"/>
      <value value="fhir@medcom.dk"/>
    </telecom>
  </contact>
  <description value="Testscripts for HospitalNotification v. 3.0.0"/>
  <packageId value="medcom.fhir.dk.testscripts.hospitalnotification"/>
  <license value="CC0-1.0"/>
  <fhirVersion value="4.0.1"/>
  <dependsOn id="hl7tx">
    <extension url="http://hl7.org/fhir/tools/StructureDefinition/implementationguide-dependency-comment">
      <valueMarkdown value="Automatically added as a dependency - all IGs depend on HL7 Terminology"/>
    </extension>
    <uri value="http://terminology.hl7.org/ImplementationGuide/hl7.terminology"/>
    <packageId value="hl7.terminology.r4"/>
    <version value="5.0.0"/>
  </dependsOn>
  <definition>
    <extension url="http://hl7.org/fhir/tools/StructureDefinition/ig-parameter">
      <extension url="code">
        <valueString value="copyrightyear"/>
      </extension>
      <extension url="value">
        <valueString value="2020+"/>
      </extension>
    </extension>
    <extension url="http://hl7.org/fhir/tools/StructureDefinition/ig-parameter">
      <extension url="code">
        <valueString value="releaselabel"/>
      </extension>
      <extension url="value">
        <valueString value="ci-build"/>
      </extension>
    </extension>
    <extension url="http://hl7.org/fhir/tools/StructureDefinition/ig-parameter">
      <extension url="code">
        <valueString value="apply-publisher"/>
      </extension>
      <extension url="value">
        <valueString value="true"/>
      </extension>
    </extension>
    <extension url="http://hl7.org/fhir/tools/StructureDefinition/ig-parameter">
      <extension url="code">
        <valueString value="apply-contact"/>
      </extension>
      <extension url="value">
        <valueString value="true"/>
      </extension>
    </extension>
    <extension url="http://hl7.org/fhir/tools/StructureDefinition/ig-parameter">
      <extension url="code">
        <valueString value="show-inherited-invariants"/>
      </extension>
      <extension url="value">
        <valueString value="false"/>
      </extension>
    </extension>
    <extension url="http://hl7.org/fhir/tools/StructureDefinition/ig-parameter">
      <extension url="code">
        <valueString value="autoload-resources"/>
      </extension>
      <extension url="value">
        <valueString value="true"/>
      </extension>
    </extension>
    <extension url="http://hl7.org/fhir/tools/StructureDefinition/ig-parameter">
      <extension url="code">
        <valueString value="path-liquid"/>
      </extension>
      <extension url="value">
        <valueString value="template/liquid"/>
      </extension>
    </extension>
    <extension url="http://hl7.org/fhir/tools/StructureDefinition/ig-parameter">
      <extension url="code">
        <valueString value="path-liquid"/>
      </extension>
      <extension url="value">
        <valueString value="input/liquid"/>
      </extension>
    </extension>
    <extension url="http://hl7.org/fhir/tools/StructureDefinition/ig-parameter">
      <extension url="code">
        <valueString value="path-qa"/>
      </extension>
      <extension url="value">
        <valueString value="temp/qa"/>
      </extension>
    </extension>
    <extension url="http://hl7.org/fhir/tools/StructureDefinition/ig-parameter">
      <extension url="code">
        <valueString value="path-temp"/>
      </extension>
      <extension url="value">
        <valueString value="temp/pages"/>
      </extension>
    </extension>
    <extension url="http://hl7.org/fhir/tools/StructureDefinition/ig-parameter">
      <extension url="code">
        <valueString value="path-output"/>
      </extension>
      <extension url="value">
        <valueString value="output"/>
      </extension>
    </extension>
    <extension url="http://hl7.org/fhir/tools/StructureDefinition/ig-parameter">
      <extension url="code">
        <valueString value="path-suppressed-warnings"/>
      </extension>
      <extension url="value">
        <valueString value="input/ignoreWarnings.txt"/>
      </extension>
    </extension>
    <extension url="http://hl7.org/fhir/tools/StructureDefinition/ig-parameter">
      <extension url="code">
        <valueString value="path-history"/>
      </extension>
      <extension url="value">
        <valueString value="http://example.org/fhir/fish/history.html"/>
      </extension>
    </extension>
    <extension url="http://hl7.org/fhir/tools/StructureDefinition/ig-parameter">
      <extension url="code">
        <valueString value="template-html"/>
      </extension>
      <extension url="value">
        <valueString value="template-page.html"/>
      </extension>
    </extension>
    <extension url="http://hl7.org/fhir/tools/StructureDefinition/ig-parameter">
      <extension url="code">
        <valueString value="template-md"/>
      </extension>
      <extension url="value">
        <valueString value="template-page-md.html"/>
      </extension>
    </extension>
    <extension url="http://hl7.org/fhir/tools/StructureDefinition/ig-parameter">
      <extension url="code">
        <valueString value="apply-context"/>
      </extension>
      <extension url="value">
        <valueString value="true"/>
      </extension>
    </extension>
    <extension url="http://hl7.org/fhir/tools/StructureDefinition/ig-parameter">
      <extension url="code">
        <valueString value="apply-copyright"/>
      </extension>
      <extension url="value">
        <valueString value="true"/>
      </extension>
    </extension>
    <extension url="http://hl7.org/fhir/tools/StructureDefinition/ig-parameter">
      <extension url="code">
        <valueString value="apply-jurisdiction"/>
      </extension>
      <extension url="value">
        <valueString value="true"/>
      </extension>
    </extension>
    <extension url="http://hl7.org/fhir/tools/StructureDefinition/ig-parameter">
      <extension url="code">
        <valueString value="apply-license"/>
      </extension>
      <extension url="value">
        <valueString value="true"/>
      </extension>
    </extension>
    <extension url="http://hl7.org/fhir/tools/StructureDefinition/ig-parameter">
      <extension url="code">
        <valueString value="apply-version"/>
      </extension>
      <extension url="value">
        <valueString value="true"/>
      </extension>
    </extension>
    <extension url="http://hl7.org/fhir/tools/StructureDefinition/ig-parameter">
      <extension url="code">
        <valueString value="active-tables"/>
      </extension>
      <extension url="value">
        <valueString value="true"/>
      </extension>
    </extension>
    <extension url="http://hl7.org/fhir/tools/StructureDefinition/ig-parameter">
      <extension url="code">
        <valueString value="fmm-definition"/>
      </extension>
      <extension url="value">
        <valueString value="http://hl7.org/fhir/versions.html#maturity"/>
      </extension>
    </extension>
    <extension url="http://hl7.org/fhir/tools/StructureDefinition/ig-parameter">
      <extension url="code">
        <valueString value="propagate-status"/>
      </extension>
      <extension url="value">
        <valueString value="true"/>
      </extension>
    </extension>
    <extension url="http://hl7.org/fhir/tools/StructureDefinition/ig-parameter">
      <extension url="code">
        <valueString value="excludelogbinaryformat"/>
      </extension>
      <extension url="value">
        <valueString value="true"/>
      </extension>
    </extension>
    <extension url="http://hl7.org/fhir/tools/StructureDefinition/ig-parameter">
      <extension url="code">
        <valueString value="tabbed-snapshots"/>
      </extension>
      <extension url="value">
        <valueString value="true"/>
      </extension>
    </extension>
    <extension url="http://hl7.org/fhir/tools/StructureDefinition/ig-parameter">
      <extension url="code">
        <valueCode value="copyrightyear"/>
      </extension>
      <extension url="value">
        <valueString value="2020+"/>
      </extension>
    </extension>
    <extension url="http://hl7.org/fhir/tools/StructureDefinition/ig-parameter">
      <extension url="code">
        <valueCode value="releaselabel"/>
      </extension>
      <extension url="value">
        <valueString value="ci-build"/>
      </extension>
    </extension>
    <extension url="http://hl7.org/fhir/tools/StructureDefinition/ig-parameter">
      <extension url="code">
        <valueCode value="apply-publisher"/>
      </extension>
      <extension url="value">
        <valueString value="true"/>
      </extension>
    </extension>
    <extension url="http://hl7.org/fhir/tools/StructureDefinition/ig-parameter">
      <extension url="code">
        <valueCode value="apply-contact"/>
      </extension>
      <extension url="value">
        <valueString value="true"/>
      </extension>
    </extension>
    <extension url="http://hl7.org/fhir/tools/StructureDefinition/ig-parameter">
      <extension url="code">
        <valueCode value="show-inherited-invariants"/>
      </extension>
      <extension url="value">
        <valueString value="false"/>
      </extension>
    </extension>
    <extension url="http://hl7.org/fhir/tools/StructureDefinition/ig-parameter">
      <extension url="code">
        <valueCode value="autoload-resources"/>
      </extension>
      <extension url="value">
        <valueString value="true"/>
      </extension>
    </extension>
    <extension url="http://hl7.org/fhir/tools/StructureDefinition/ig-parameter">
      <extension url="code">
        <valueCode value="path-liquid"/>
      </extension>
      <extension url="value">
        <valueString value="template/liquid"/>
      </extension>
    </extension>
    <extension url="http://hl7.org/fhir/tools/StructureDefinition/ig-parameter">
      <extension url="code">
        <valueCode value="path-liquid"/>
      </extension>
      <extension url="value">
        <valueString value="input/liquid"/>
      </extension>
    </extension>
    <extension url="http://hl7.org/fhir/tools/StructureDefinition/ig-parameter">
      <extension url="code">
        <valueCode value="path-qa"/>
      </extension>
      <extension url="value">
        <valueString value="temp/qa"/>
      </extension>
    </extension>
    <extension url="http://hl7.org/fhir/tools/StructureDefinition/ig-parameter">
      <extension url="code">
        <valueCode value="path-temp"/>
      </extension>
      <extension url="value">
        <valueString value="temp/pages"/>
      </extension>
    </extension>
    <extension url="http://hl7.org/fhir/tools/StructureDefinition/ig-parameter">
      <extension url="code">
        <valueCode value="path-output"/>
      </extension>
      <extension url="value">
        <valueString value="output"/>
      </extension>
    </extension>
    <extension url="http://hl7.org/fhir/tools/StructureDefinition/ig-parameter">
      <extension url="code">
        <valueCode value="path-suppressed-warnings"/>
      </extension>
      <extension url="value">
        <valueString value="input/ignoreWarnings.txt"/>
      </extension>
    </extension>
    <extension url="http://hl7.org/fhir/tools/StructureDefinition/ig-parameter">
      <extension url="code">
        <valueCode value="path-history"/>
      </extension>
      <extension url="value">
        <valueString value="http://example.org/fhir/fish/history.html"/>
      </extension>
    </extension>
    <extension url="http://hl7.org/fhir/tools/StructureDefinition/ig-parameter">
      <extension url="code">
        <valueCode value="template-html"/>
      </extension>
      <extension url="value">
        <valueString value="template-page.html"/>
      </extension>
    </extension>
    <extension url="http://hl7.org/fhir/tools/StructureDefinition/ig-parameter">
      <extension url="code">
        <valueCode value="template-md"/>
      </extension>
      <extension url="value">
        <valueString value="template-page-md.html"/>
      </extension>
    </extension>
    <extension url="http://hl7.org/fhir/tools/StructureDefinition/ig-parameter">
      <extension url="code">
        <valueCode value="apply-context"/>
      </extension>
      <extension url="value">
        <valueString value="true"/>
      </extension>
    </extension>
    <extension url="http://hl7.org/fhir/tools/StructureDefinition/ig-parameter">
      <extension url="code">
        <valueCode value="apply-copyright"/>
      </extension>
      <extension url="value">
        <valueString value="true"/>
      </extension>
    </extension>
    <extension url="http://hl7.org/fhir/tools/StructureDefinition/ig-parameter">
      <extension url="code">
        <valueCode value="apply-jurisdiction"/>
      </extension>
      <extension url="value">
        <valueString value="true"/>
      </extension>
    </extension>
    <extension url="http://hl7.org/fhir/tools/StructureDefinition/ig-parameter">
      <extension url="code">
        <valueCode value="apply-license"/>
      </extension>
      <extension url="value">
        <valueString value="true"/>
      </extension>
    </extension>
    <extension url="http://hl7.org/fhir/tools/StructureDefinition/ig-parameter">
      <extension url="code">
        <valueCode value="apply-version"/>
      </extension>
      <extension url="value">
        <valueString value="true"/>
      </extension>
    </extension>
    <extension url="http://hl7.org/fhir/tools/StructureDefinition/ig-parameter">
      <extension url="code">
        <valueCode value="active-tables"/>
      </extension>
      <extension url="value">
        <valueString value="true"/>
      </extension>
    </extension>
    <extension url="http://hl7.org/fhir/tools/StructureDefinition/ig-parameter">
      <extension url="code">
        <valueCode value="fmm-definition"/>
      </extension>
      <extension url="value">
        <valueString value="http://hl7.org/fhir/versions.html#maturity"/>
      </extension>
    </extension>
    <extension url="http://hl7.org/fhir/tools/StructureDefinition/ig-parameter">
      <extension url="code">
        <valueCode value="propagate-status"/>
      </extension>
      <extension url="value">
        <valueString value="true"/>
      </extension>
    </extension>
    <extension url="http://hl7.org/fhir/tools/StructureDefinition/ig-parameter">
      <extension url="code">
        <valueCode value="excludelogbinaryformat"/>
      </extension>
      <extension url="value">
        <valueString value="true"/>
      </extension>
    </extension>
    <extension url="http://hl7.org/fhir/tools/StructureDefinition/ig-parameter">
      <extension url="code">
        <valueCode value="tabbed-snapshots"/>
      </extension>
      <extension url="value">
        <valueString value="true"/>
      </extension>
    </extension>
    <resource>
      <extension url="http://hl7.org/fhir/tools/StructureDefinition/resource-information">
        <valueString value="TestScript"/>
      </extension>
      <reference>
        <reference value="TestScript/hospitalnotification-PF-send-emer-01"/>
      </reference>
      <name value="HospitalNotification_TestScript_PF-send-emer-01"/>
      <description value="Testing correct use of send HospitalNotification"/>
      <exampleBoolean value="true"/>
    </resource>
    <resource>
      <extension url="http://hl7.org/fhir/tools/StructureDefinition/resource-information">
        <valueString value="TestScript"/>
      </extension>
      <reference>
        <reference value="TestScript/hospitalnotification-PF-send-emer-02"/>
      </reference>
      <name value="HospitalNotification_TestScript_PF-send-emer-02"/>
      <description value="Testing correct use of send HospitalNotification"/>
      <exampleBoolean value="true"/>
    </resource>
    <resource>
      <extension url="http://hl7.org/fhir/tools/StructureDefinition/resource-information">
        <valueString value="TestScript"/>
      </extension>
      <reference>
        <reference value="TestScript/hospitalnotification-PF-send-emer-imp-01"/>
      </reference>
      <name value="HospitalNotification_TestScript_PF-send-emer-imp-01"/>
      <description value="Testing correct use of send HospitalNotification"/>
      <exampleBoolean value="true"/>
    </resource>
    <resource>
      <extension url="http://hl7.org/fhir/tools/StructureDefinition/resource-information">
        <valueString value="TestScript"/>
      </extension>
      <reference>
        <reference value="TestScript/hospitalnotification-PF-send-imp-01"/>
      </reference>
      <name value="HospitalNotification_TestScript_PF-send-imp-01"/>
      <description value="Testing correct use of send HospitalNotification"/>
      <exampleBoolean value="true"/>
    </resource>
    <resource>
      <extension url="http://hl7.org/fhir/tools/StructureDefinition/resource-information">
        <valueString value="TestScript"/>
      </extension>
      <reference>
        <reference value="TestScript/hospitalnotification-PF-send-imp-02"/>
      </reference>
      <name value="HospitalNotification_TestScript_PF-send-imp-02"/>
      <description value="Testing correct use of send HospitalNotification"/>
      <exampleBoolean value="true"/>
    </resource>
    <resource>
      <extension url="http://hl7.org/fhir/tools/StructureDefinition/resource-information">
        <valueString value="TestScript"/>
      </extension>
      <reference>
        <reference value="TestScript/hospitalnotification-PF-send-imp-03"/>
      </reference>
      <name value="HospitalNotification_TestScript_PF-send-imp-03"/>
      <description value="Testing correct use of send HospitalNotification - deceased"/>
      <exampleBoolean value="true"/>
    </resource>
    <resource>
      <extension url="http://hl7.org/fhir/tools/StructureDefinition/resource-information">
        <valueString value="TestScript"/>
      </extension>
      <reference>
        <reference value="TestScript/hospitalnotification-PF-send-imp-04"/>
      </reference>
      <name value="HospitalNotification_TestScript_PF-send-imp-04"/>
      <description value="Testing correct use of send HospitalNotification"/>
      <exampleBoolean value="true"/>
    </resource>
    <resource>
      <extension url="http://hl7.org/fhir/tools/StructureDefinition/resource-information">
        <valueString value="TestScript"/>
      </extension>
      <reference>
        <reference value="TestScript/hospitalnotification-PF-send-imp-05"/>
      </reference>
      <name value="HospitalNotification_TestScript_PF-send-imp-05"/>
      <description value="Testing correct use of send HospitalNotification"/>
      <exampleBoolean value="true"/>
    </resource>
    <resource>
      <extension url="http://hl7.org/fhir/tools/StructureDefinition/resource-information">
        <valueString value="TestScript"/>
      </extension>
      <reference>
        <reference value="TestScript/hospitalnotification-PF-send-imp-06"/>
      </reference>
      <name value="HospitalNotification_TestScript_PF-send-imp-06"/>
      <description value="Testing correct use of send HospitalNotification"/>
      <exampleBoolean value="true"/>
    </resource>
    <resource>
      <extension url="http://hl7.org/fhir/tools/StructureDefinition/resource-information">
        <valueString value="TestScript"/>
      </extension>
      <reference>
        <reference value="TestScript/hospitalnotification-PF-send-tec-01"/>
      </reference>
      <name value="HospitalNotification_TestScript_PF-send-tec-01"/>
      <description value="Testing correct use of send HospitalNotification"/>
      <exampleBoolean value="true"/>
    </resource>
    <resource>
      <extension url="http://hl7.org/fhir/tools/StructureDefinition/resource-information">
        <valueString value="TestScript"/>
      </extension>
      <reference>
        <reference value="TestScript/hospitalnotification-PF-send-tec-03"/>
      </reference>
      <name value="HospitalNotification_TestScript_PF-send-tec-03"/>
      <description value="Testing correct use of send HospitalNotification"/>
      <exampleBoolean value="true"/>
    </resource>
    <resource>
      <extension url="http://hl7.org/fhir/tools/StructureDefinition/resource-information">
        <valueString value="TestScript"/>
      </extension>
      <reference>
        <reference value="TestScript/hospitalnotification-send-an-mors"/>
      </reference>
      <name value="HospitalNotification_TestScript_AN_MORS"/>
      <description value="Testing correct use of cancellation of deceased inpatient before arrival at the hospital - deceased"/>
      <exampleBoolean value="true"/>
    </resource>
    <resource>
      <extension url="http://hl7.org/fhir/tools/StructureDefinition/resource-information">
        <valueString value="TestScript"/>
      </extension>
      <reference>
        <reference value="TestScript/hospitalnotification-send-an-mors-emer"/>
      </reference>
      <name value="HospitalNotification_TestScript_AN_MORS-emer"/>
      <description value="Testing correct use of cancellation of End hospital Stay - deceased"/>
      <exampleBoolean value="true"/>
    </resource>
    <resource>
      <extension url="http://hl7.org/fhir/tools/StructureDefinition/resource-information">
        <valueString value="TestScript"/>
      </extension>
      <reference>
        <reference value="TestScript/hospitalnotification-send-an-mors-imp"/>
      </reference>
      <name value="HospitalNotification_TestScript_AN_MORS-IMP"/>
      <description value="Testing correct use of cancellation of End hospital Stay - deceased"/>
      <exampleBoolean value="true"/>
    </resource>
    <resource>
      <extension url="http://hl7.org/fhir/tools/StructureDefinition/resource-information">
        <valueString value="TestScript"/>
      </extension>
      <reference>
        <reference value="TestScript/hospitalnotification-send-an-mors-stor"/>
      </reference>
      <name value="HospitalNotification_TestScript_AN_MORS-STOR"/>
      <description value="Testing correct use of cancellation of deceased during a period of leave - deceased"/>
      <exampleBoolean value="true"/>
    </resource>
    <resource>
      <extension url="http://hl7.org/fhir/tools/StructureDefinition/resource-information">
        <valueString value="TestScript"/>
      </extension>
      <reference>
        <reference value="TestScript/hospitalnotification-send-an-slhj-emer"/>
      </reference>
      <name value="HospitalNotification_TestScript_AN_SLHJ-emer"/>
      <description value="Testing correct use of cancellation of End hospital Stay"/>
      <exampleBoolean value="true"/>
    </resource>
    <resource>
      <extension url="http://hl7.org/fhir/tools/StructureDefinition/resource-information">
        <valueString value="TestScript"/>
      </extension>
      <reference>
        <reference value="TestScript/hospitalnotification-send-an-slhj-imp"/>
      </reference>
      <name value="HospitalNotification_TestScript_AN_SLHJ-imp"/>
      <description value="Testing correct use of cancellation of End hospital Stay"/>
      <exampleBoolean value="true"/>
    </resource>
    <resource>
      <extension url="http://hl7.org/fhir/tools/StructureDefinition/resource-information">
        <valueString value="TestScript"/>
      </extension>
      <reference>
        <reference value="TestScript/hospitalnotification-send-an-slor"/>
      </reference>
      <name value="HospitalNotification_TestScript_AN_SLOR"/>
      <description value="Testing correct use of cancellation of end leave"/>
      <exampleBoolean value="true"/>
    </resource>
    <resource>
      <extension url="http://hl7.org/fhir/tools/StructureDefinition/resource-information">
        <valueString value="TestScript"/>
      </extension>
      <reference>
        <reference value="TestScript/hospitalnotification-send-an-staa"/>
      </reference>
      <name value="HospitalNotification_TestScript_AN_STAA"/>
      <description value="Testing correct use of cancellation of start acute ambulant"/>
      <exampleBoolean value="true"/>
    </resource>
    <resource>
      <extension url="http://hl7.org/fhir/tools/StructureDefinition/resource-information">
        <valueString value="TestScript"/>
      </extension>
      <reference>
        <reference value="TestScript/hospitalnotification-send-an-stin"/>
      </reference>
      <name value="HospitalNotification_TestScript_AN_STIN"/>
      <description value="Testing correct use of cancellation of start hospital stay admission"/>
      <exampleBoolean value="true"/>
    </resource>
    <resource>
      <extension url="http://hl7.org/fhir/tools/StructureDefinition/resource-information">
        <valueString value="TestScript"/>
      </extension>
      <reference>
        <reference value="TestScript/hospitalnotification-send-an-stor"/>
      </reference>
      <name value="HospitalNotification_TestScript_AN_STOR"/>
      <description value="Testing correct use of cancellation of start leave"/>
      <exampleBoolean value="true"/>
    </resource>
    <resource>
      <extension url="http://hl7.org/fhir/tools/StructureDefinition/resource-information">
        <valueString value="TestScript"/>
      </extension>
      <reference>
        <reference value="TestScript/hospitalnotification-send-mors"/>
      </reference>
      <name value="HospitalNotification_TestScript_MORS"/>
      <description value="Testing correct use of status inpatient"/>
      <exampleBoolean value="true"/>
    </resource>
    <resource>
      <extension url="http://hl7.org/fhir/tools/StructureDefinition/resource-information">
        <valueString value="TestScript"/>
      </extension>
      <reference>
        <reference value="TestScript/hospitalnotification-send-mors-emer"/>
      </reference>
      <name value="HospitalNotification_TestScript_MORS-EMER"/>
      <description value="Testing correct use of End hospital Stay-deseased"/>
      <exampleBoolean value="true"/>
    </resource>
    <resource>
      <extension url="http://hl7.org/fhir/tools/StructureDefinition/resource-information">
        <valueString value="TestScript"/>
      </extension>
      <reference>
        <reference value="TestScript/hospitalnotification-send-mors-imp"/>
      </reference>
      <name value="HospitalNotification_TestScript_MORS-IMP"/>
      <description value="Testing correct use of End hospital Stay - deseased"/>
      <exampleBoolean value="true"/>
    </resource>
    <resource>
      <extension url="http://hl7.org/fhir/tools/StructureDefinition/resource-information">
        <valueString value="TestScript"/>
      </extension>
      <reference>
        <reference value="TestScript/hospitalnotification-send-mors-stor"/>
      </reference>
      <name value="HospitalNotification_TestScript_MORS-STOR"/>
      <description value="Testing correct use of End hospital Stay - deseased"/>
      <exampleBoolean value="true"/>
    </resource>
    <resource>
      <extension url="http://hl7.org/fhir/tools/StructureDefinition/resource-information">
        <valueString value="TestScript"/>
      </extension>
      <reference>
        <reference value="TestScript/hospitalnotification-send-re-mors"/>
      </reference>
      <name value="HospitalNotification_TestScript_RE-MORS"/>
      <description value="Testing correct use of update of deceased inpatient before arrival at the hospital - deceased"/>
      <exampleBoolean value="true"/>
    </resource>
    <resource>
      <extension url="http://hl7.org/fhir/tools/StructureDefinition/resource-information">
        <valueString value="TestScript"/>
      </extension>
      <reference>
        <reference value="TestScript/hospitalnotification-send-re-mors-emer"/>
      </reference>
      <name value="HospitalNotification_TestScript_RE-MORS-emer"/>
      <description value="Testing correct use of Update End hospital Stay - deceased"/>
      <exampleBoolean value="true"/>
    </resource>
    <resource>
      <extension url="http://hl7.org/fhir/tools/StructureDefinition/resource-information">
        <valueString value="TestScript"/>
      </extension>
      <reference>
        <reference value="TestScript/hospitalnotification-send-re-mors-imp"/>
      </reference>
      <name value="HospitalNotification_TestScript_RE-MORS-IMP"/>
      <description value="Testing correct use of Update End hospital Stay - deceased"/>
      <exampleBoolean value="true"/>
    </resource>
    <resource>
      <extension url="http://hl7.org/fhir/tools/StructureDefinition/resource-information">
        <valueString value="TestScript"/>
      </extension>
      <reference>
        <reference value="TestScript/hospitalnotification-send-re-mors-stor"/>
      </reference>
      <name value="HospitalNotification_TestScript_RE-MORS-STOR"/>
      <description value="Testing correct use of Update End hospital Stay - deceased"/>
      <exampleBoolean value="true"/>
    </resource>
    <resource>
      <extension url="http://hl7.org/fhir/tools/StructureDefinition/resource-information">
        <valueString value="TestScript"/>
      </extension>
      <reference>
        <reference value="TestScript/hospitalnotification-send-re-slhj-emer"/>
      </reference>
      <name value="HospitalNotification_TestScript_RE_SLHJ-emer"/>
      <description value="Testing correct use of Update End hospital Stay"/>
      <exampleBoolean value="true"/>
    </resource>
    <resource>
      <extension url="http://hl7.org/fhir/tools/StructureDefinition/resource-information">
        <valueString value="TestScript"/>
      </extension>
      <reference>
        <reference value="TestScript/hospitalnotification-send-re-slhj-imp"/>
      </reference>
      <name value="HospitalNotification_TestScript_RE_SLHJ-imp"/>
      <description value="Testing correct use of Update End hospital Stay"/>
      <exampleBoolean value="true"/>
    </resource>
    <resource>
      <extension url="http://hl7.org/fhir/tools/StructureDefinition/resource-information">
        <valueString value="TestScript"/>
      </extension>
      <reference>
        <reference value="TestScript/hospitalnotification-send-re-slor"/>
      </reference>
      <name value="HospitalNotification_TestScript_RE_SLOR"/>
      <description value="Testing correct use of Update end leave"/>
      <exampleBoolean value="true"/>
    </resource>
    <resource>
      <extension url="http://hl7.org/fhir/tools/StructureDefinition/resource-information">
        <valueString value="TestScript"/>
      </extension>
      <reference>
        <reference value="TestScript/hospitalnotification-send-re-staa"/>
      </reference>
      <name value="HospitalNotification_TestScript_RE_STAA"/>
      <description value="Testing correct use of status stay-acute ambulant"/>
      <exampleBoolean value="true"/>
    </resource>
    <resource>
      <extension url="http://hl7.org/fhir/tools/StructureDefinition/resource-information">
        <valueString value="TestScript"/>
      </extension>
      <reference>
        <reference value="TestScript/hospitalnotification-send-re-stin"/>
      </reference>
      <name value="HospitalNotification_TestScript_RE_STIN"/>
      <description value="Testing correct use of status Update Start hospital stay - admitted"/>
      <exampleBoolean value="true"/>
    </resource>
    <resource>
      <extension url="http://hl7.org/fhir/tools/StructureDefinition/resource-information">
        <valueString value="TestScript"/>
      </extension>
      <reference>
        <reference value="TestScript/hospitalnotification-send-re-stor"/>
      </reference>
      <name value="HospitalNotification_TestScript_RE_STOR"/>
      <description value="Testing correct use of Update Start leave"/>
      <exampleBoolean value="true"/>
    </resource>
    <resource>
      <extension url="http://hl7.org/fhir/tools/StructureDefinition/resource-information">
        <valueString value="TestScript"/>
      </extension>
      <reference>
        <reference value="TestScript/hospitalnotification-send-slhj-emer"/>
      </reference>
      <name value="HospitalNotification_TestScript_SLHJ-EMER"/>
      <description value="Testing correct use of End hospital Stay - patient discharged to home/primary sector"/>
      <exampleBoolean value="true"/>
    </resource>
    <resource>
      <extension url="http://hl7.org/fhir/tools/StructureDefinition/resource-information">
        <valueString value="TestScript"/>
      </extension>
      <reference>
        <reference value="TestScript/hospitalnotification-send-slhj-imp"/>
      </reference>
      <name value="HospitalNotification_TestScript_SLHJ-imp"/>
      <description value="Testing correct use of End hospital Stay- patient discharged to home/primary sector"/>
      <exampleBoolean value="true"/>
    </resource>
    <resource>
      <extension url="http://hl7.org/fhir/tools/StructureDefinition/resource-information">
        <valueString value="TestScript"/>
      </extension>
      <reference>
        <reference value="TestScript/hospitalnotification-send-slhj-imp-timestamptest"/>
      </reference>
      <name value="HospitalNotification_TestScript_SLHJ-imp-timestamptest"/>
      <description value="Testing correct use of End hospital Stay- patient discharged to home/primary sector"/>
      <exampleBoolean value="true"/>
    </resource>
    <resource>
      <extension url="http://hl7.org/fhir/tools/StructureDefinition/resource-information">
        <valueString value="TestScript"/>
      </extension>
      <reference>
        <reference value="TestScript/hospitalnotification-send-slor"/>
      </reference>
      <name value="HospitalNotification_TestScript_SLOR"/>
      <description value="Testing correct use of status End leave"/>
      <exampleBoolean value="true"/>
    </resource>
    <resource>
      <extension url="http://hl7.org/fhir/tools/StructureDefinition/resource-information">
        <valueString value="TestScript"/>
      </extension>
      <reference>
        <reference value="TestScript/hospitalnotification-send-staa"/>
      </reference>
      <name value="HospitalNotification_TestScript_STAA"/>
      <description value="Testing correct use of status acute-ambulant"/>
      <exampleBoolean value="true"/>
    </resource>
    <resource>
      <extension url="http://hl7.org/fhir/tools/StructureDefinition/resource-information">
        <valueString value="TestScript"/>
      </extension>
      <reference>
        <reference value="TestScript/hospitalnotification-send-stin"/>
      </reference>
      <name value="HospitalNotification_TestScript_STIN"/>
      <description value="Testing correct use of status inpatient"/>
      <exampleBoolean value="true"/>
    </resource>
    <resource>
      <extension url="http://hl7.org/fhir/tools/StructureDefinition/resource-information">
        <valueString value="TestScript"/>
      </extension>
      <reference>
        <reference value="TestScript/hospitalnotification-send-stin-a1"/>
      </reference>
      <name value="HospitalNotification_TestScript_STIN-A1"/>
      <description value="Testing correct use of status inpatient"/>
      <exampleBoolean value="true"/>
    </resource>
    <resource>
      <extension url="http://hl7.org/fhir/tools/StructureDefinition/resource-information">
        <valueString value="TestScript"/>
      </extension>
      <reference>
        <reference value="TestScript/hospitalnotification-send-stor"/>
      </reference>
      <name value="HospitalNotification_TestScript_STOR"/>
      <description value="Testing correct use of status Start leave"/>
      <exampleBoolean value="true"/>
    </resource>
    <page>
      <extension url="http://hl7.org/fhir/tools/StructureDefinition/ig-page-name">
        <valueUrl value="toc.html"/>
      </extension>
      <nameUrl value="toc.html"/>
      <title value="Table of Contents"/>
      <generation value="html"/>
      <page>
        <extension url="http://hl7.org/fhir/tools/StructureDefinition/ig-page-name">
          <valueUrl value="index.html"/>
        </extension>
        <nameUrl value="index.html"/>
        <title value="Home"/>
        <generation value="markdown"/>
      </page>
    </page>
    <parameter>
      <code value="path-resource"/>
      <value value="input/capabilities"/>
    </parameter>
    <parameter>
      <code value="path-resource"/>
      <value value="input/examples"/>
    </parameter>
    <parameter>
      <code value="path-resource"/>
      <value value="input/extensions"/>
    </parameter>
    <parameter>
      <code value="path-resource"/>
      <value value="input/models"/>
    </parameter>
    <parameter>
      <code value="path-resource"/>
      <value value="input/operations"/>
    </parameter>
    <parameter>
      <code value="path-resource"/>
      <value value="input/profiles"/>
    </parameter>
    <parameter>
      <code value="path-resource"/>
      <value value="input/resources"/>
    </parameter>
    <parameter>
      <code value="path-resource"/>
      <value value="input/vocabulary"/>
    </parameter>
    <parameter>
      <code value="path-resource"/>
      <value value="input/maps"/>
    </parameter>
    <parameter>
      <code value="path-resource"/>
      <value value="input/testing"/>
    </parameter>
    <parameter>
      <code value="path-resource"/>
      <value value="input/history"/>
    </parameter>
    <parameter>
      <code value="path-resource"/>
      <value value="fsh-generated/resources"/>
    </parameter>
    <parameter>
      <code value="path-pages"/>
      <value value="template/config"/>
    </parameter>
    <parameter>
      <code value="path-pages"/>
      <value value="input/images"/>
    </parameter>
    <parameter>
      <code value="path-tx-cache"/>
      <value value="input-cache/txcache"/>
    </parameter>
  </definition>
</ImplementationGuide>