<?xml version="1.0" encoding="UTF-8"?>

<ImplementationGuide xmlns="http://hl7.org/fhir">
  <id value="medcom.fhir.dk.hospitalnotificationtestscripts"/>
  <text>
    <status value="extensions"/><div xmlns="http://www.w3.org/1999/xhtml"><h2>HospitalNotificationTestscripts</h2><p>The official URL for this implementation guide is: </p><pre>http://medcomfhir.dk/ig/hospitalnotificationtestscripts/ImplementationGuide/medcom.fhir.dk.hospitalnotificationtestscripts</pre><div><p>Testscripts for HospitalNotification v. 3.0.0</p>
</div></div>
  </text>
  <url value="http://medcomfhir.dk/ig/hospitalnotificationtestscripts/ImplementationGuide/medcom.fhir.dk.hospitalnotificationtestscripts"/>
  <version value="3.0.0"/>
  <name value="HospitalNotificationTestscripts"/>
  <title value="HospitalNotification Testscripts"/>
  <status value="active"/>
  <date value="2023-05-01T14:40:46+02:00"/>
  <contact>
    <name value="MedCom"/>
    <telecom>
      <system value="email"/>
      <value value="mailto:fhir@medcom.dk"/>
    </telecom>
  </contact>
  <description value="Testscripts for HospitalNotification v. 3.0.0"/>
  <packageId value="medcom.fhir.dk.hospitalnotificationtestscripts"/>
  <license value="CC0-1.0"/>
  <fhirVersion value="4.0.1"/>
  <dependsOn id="hl7tx">
    <extension url="http://hl7.org/fhir/tools/StructureDefinition/implementationguide-dependency-comment">
      <valueMarkdown value="Automatically added as a dependency - all IGs depend on HL7 Terminology"/>
    </extension>
    <uri value="http://terminology.hl7.org/ImplementationGuide/hl7.terminology"/>
    <packageId value="hl7.terminology.r4"/>
    <version value="5.0.0"/>
  </dependsOn>
  <dependsOn id="medcom_fhir_dk_hospitalnotification">
    <uri value="http://medcomfhir.dk/ig/hospitalnotification/ImplementationGuide/medcom.fhir.dk.hospitalnotification"/>
    <packageId value="medcom.fhir.dk.hospitalnotification"/>
    <version value="current"/>
  </dependsOn>
  <definition>
    <extension url="http://hl7.org/fhir/tools/StructureDefinition/ig-parameter">
      <extension url="code">
        <valueString value="copyrightyear"/>
      </extension>
      <extension url="value">
        <valueString value="2020+"/>
      </extension>
    </extension>
    <extension url="http://hl7.org/fhir/tools/StructureDefinition/ig-parameter">
      <extension url="code">
        <valueString value="releaselabel"/>
      </extension>
      <extension url="value">
        <valueString value="ci-build"/>
      </extension>
    </extension>
    <extension url="http://hl7.org/fhir/tools/StructureDefinition/ig-parameter">
      <extension url="code">
        <valueString value="apply-publisher"/>
      </extension>
      <extension url="value">
        <valueString value="true"/>
      </extension>
    </extension>
    <extension url="http://hl7.org/fhir/tools/StructureDefinition/ig-parameter">
      <extension url="code">
        <valueString value="apply-contact"/>
      </extension>
      <extension url="value">
        <valueString value="true"/>
      </extension>
    </extension>
    <extension url="http://hl7.org/fhir/tools/StructureDefinition/ig-parameter">
      <extension url="code">
        <valueString value="show-inherited-invariants"/>
      </extension>
      <extension url="value">
        <valueString value="false"/>
      </extension>
    </extension>
    <extension url="http://hl7.org/fhir/tools/StructureDefinition/ig-parameter">
      <extension url="code">
        <valueString value="autoload-resources"/>
      </extension>
      <extension url="value">
        <valueString value="true"/>
      </extension>
    </extension>
    <extension url="http://hl7.org/fhir/tools/StructureDefinition/ig-parameter">
      <extension url="code">
        <valueString value="path-liquid"/>
      </extension>
      <extension url="value">
        <valueString value="template/liquid"/>
      </extension>
    </extension>
    <extension url="http://hl7.org/fhir/tools/StructureDefinition/ig-parameter">
      <extension url="code">
        <valueString value="path-liquid"/>
      </extension>
      <extension url="value">
        <valueString value="input/liquid"/>
      </extension>
    </extension>
    <extension url="http://hl7.org/fhir/tools/StructureDefinition/ig-parameter">
      <extension url="code">
        <valueString value="path-qa"/>
      </extension>
      <extension url="value">
        <valueString value="temp/qa"/>
      </extension>
    </extension>
    <extension url="http://hl7.org/fhir/tools/StructureDefinition/ig-parameter">
      <extension url="code">
        <valueString value="path-temp"/>
      </extension>
      <extension url="value">
        <valueString value="temp/pages"/>
      </extension>
    </extension>
    <extension url="http://hl7.org/fhir/tools/StructureDefinition/ig-parameter">
      <extension url="code">
        <valueString value="path-output"/>
      </extension>
      <extension url="value">
        <valueString value="output"/>
      </extension>
    </extension>
    <extension url="http://hl7.org/fhir/tools/StructureDefinition/ig-parameter">
      <extension url="code">
        <valueString value="path-suppressed-warnings"/>
      </extension>
      <extension url="value">
        <valueString value="input/ignoreWarnings.txt"/>
      </extension>
    </extension>
    <extension url="http://hl7.org/fhir/tools/StructureDefinition/ig-parameter">
      <extension url="code">
        <valueString value="path-history"/>
      </extension>
      <extension url="value">
        <valueString value="http://medcomfhir.dk/ig/hospitalnotificationtestscripts/history.html"/>
      </extension>
    </extension>
    <extension url="http://hl7.org/fhir/tools/StructureDefinition/ig-parameter">
      <extension url="code">
        <valueString value="template-html"/>
      </extension>
      <extension url="value">
        <valueString value="template-page.html"/>
      </extension>
    </extension>
    <extension url="http://hl7.org/fhir/tools/StructureDefinition/ig-parameter">
      <extension url="code">
        <valueString value="template-md"/>
      </extension>
      <extension url="value">
        <valueString value="template-page-md.html"/>
      </extension>
    </extension>
    <extension url="http://hl7.org/fhir/tools/StructureDefinition/ig-parameter">
      <extension url="code">
        <valueString value="apply-context"/>
      </extension>
      <extension url="value">
        <valueString value="true"/>
      </extension>
    </extension>
    <extension url="http://hl7.org/fhir/tools/StructureDefinition/ig-parameter">
      <extension url="code">
        <valueString value="apply-copyright"/>
      </extension>
      <extension url="value">
        <valueString value="true"/>
      </extension>
    </extension>
    <extension url="http://hl7.org/fhir/tools/StructureDefinition/ig-parameter">
      <extension url="code">
        <valueString value="apply-jurisdiction"/>
      </extension>
      <extension url="value">
        <valueString value="true"/>
      </extension>
    </extension>
    <extension url="http://hl7.org/fhir/tools/StructureDefinition/ig-parameter">
      <extension url="code">
        <valueString value="apply-license"/>
      </extension>
      <extension url="value">
        <valueString value="true"/>
      </extension>
    </extension>
    <extension url="http://hl7.org/fhir/tools/StructureDefinition/ig-parameter">
      <extension url="code">
        <valueString value="apply-version"/>
      </extension>
      <extension url="value">
        <valueString value="true"/>
      </extension>
    </extension>
    <extension url="http://hl7.org/fhir/tools/StructureDefinition/ig-parameter">
      <extension url="code">
        <valueString value="active-tables"/>
      </extension>
      <extension url="value">
        <valueString value="true"/>
      </extension>
    </extension>
    <extension url="http://hl7.org/fhir/tools/StructureDefinition/ig-parameter">
      <extension url="code">
        <valueString value="fmm-definition"/>
      </extension>
      <extension url="value">
        <valueString value="http://hl7.org/fhir/versions.html#maturity"/>
      </extension>
    </extension>
    <extension url="http://hl7.org/fhir/tools/StructureDefinition/ig-parameter">
      <extension url="code">
        <valueString value="propagate-status"/>
      </extension>
      <extension url="value">
        <valueString value="true"/>
      </extension>
    </extension>
    <extension url="http://hl7.org/fhir/tools/StructureDefinition/ig-parameter">
      <extension url="code">
        <valueString value="excludelogbinaryformat"/>
      </extension>
      <extension url="value">
        <valueString value="true"/>
      </extension>
    </extension>
    <extension url="http://hl7.org/fhir/tools/StructureDefinition/ig-parameter">
      <extension url="code">
        <valueString value="tabbed-snapshots"/>
      </extension>
      <extension url="value">
        <valueString value="true"/>
      </extension>
    </extension>
    <extension url="http://hl7.org/fhir/tools/StructureDefinition/ig-internal-dependency">
      <valueCode value="hl7.fhir.uv.tools#current"/>
    </extension>
    <extension url="http://hl7.org/fhir/tools/StructureDefinition/ig-parameter">
      <extension url="code">
        <valueCode value="copyrightyear"/>
      </extension>
      <extension url="value">
        <valueString value="2020+"/>
      </extension>
    </extension>
    <extension url="http://hl7.org/fhir/tools/StructureDefinition/ig-parameter">
      <extension url="code">
        <valueCode value="releaselabel"/>
      </extension>
      <extension url="value">
        <valueString value="ci-build"/>
      </extension>
    </extension>
    <extension url="http://hl7.org/fhir/tools/StructureDefinition/ig-parameter">
      <extension url="code">
        <valueCode value="apply-publisher"/>
      </extension>
      <extension url="value">
        <valueString value="true"/>
      </extension>
    </extension>
    <extension url="http://hl7.org/fhir/tools/StructureDefinition/ig-parameter">
      <extension url="code">
        <valueCode value="apply-contact"/>
      </extension>
      <extension url="value">
        <valueString value="true"/>
      </extension>
    </extension>
    <extension url="http://hl7.org/fhir/tools/StructureDefinition/ig-parameter">
      <extension url="code">
        <valueCode value="show-inherited-invariants"/>
      </extension>
      <extension url="value">
        <valueString value="false"/>
      </extension>
    </extension>
    <extension url="http://hl7.org/fhir/tools/StructureDefinition/ig-parameter">
      <extension url="code">
        <valueCode value="autoload-resources"/>
      </extension>
      <extension url="value">
        <valueString value="true"/>
      </extension>
    </extension>
    <extension url="http://hl7.org/fhir/tools/StructureDefinition/ig-parameter">
      <extension url="code">
        <valueCode value="path-liquid"/>
      </extension>
      <extension url="value">
        <valueString value="template/liquid"/>
      </extension>
    </extension>
    <extension url="http://hl7.org/fhir/tools/StructureDefinition/ig-parameter">
      <extension url="code">
        <valueCode value="path-liquid"/>
      </extension>
      <extension url="value">
        <valueString value="input/liquid"/>
      </extension>
    </extension>
    <extension url="http://hl7.org/fhir/tools/StructureDefinition/ig-parameter">
      <extension url="code">
        <valueCode value="path-qa"/>
      </extension>
      <extension url="value">
        <valueString value="temp/qa"/>
      </extension>
    </extension>
    <extension url="http://hl7.org/fhir/tools/StructureDefinition/ig-parameter">
      <extension url="code">
        <valueCode value="path-temp"/>
      </extension>
      <extension url="value">
        <valueString value="temp/pages"/>
      </extension>
    </extension>
    <extension url="http://hl7.org/fhir/tools/StructureDefinition/ig-parameter">
      <extension url="code">
        <valueCode value="path-output"/>
      </extension>
      <extension url="value">
        <valueString value="output"/>
      </extension>
    </extension>
    <extension url="http://hl7.org/fhir/tools/StructureDefinition/ig-parameter">
      <extension url="code">
        <valueCode value="path-suppressed-warnings"/>
      </extension>
      <extension url="value">
        <valueString value="input/ignoreWarnings.txt"/>
      </extension>
    </extension>
    <extension url="http://hl7.org/fhir/tools/StructureDefinition/ig-parameter">
      <extension url="code">
        <valueCode value="path-history"/>
      </extension>
      <extension url="value">
        <valueString value="http://medcomfhir.dk/ig/hospitalnotificationtestscripts/history.html"/>
      </extension>
    </extension>
    <extension url="http://hl7.org/fhir/tools/StructureDefinition/ig-parameter">
      <extension url="code">
        <valueCode value="template-html"/>
      </extension>
      <extension url="value">
        <valueString value="template-page.html"/>
      </extension>
    </extension>
    <extension url="http://hl7.org/fhir/tools/StructureDefinition/ig-parameter">
      <extension url="code">
        <valueCode value="template-md"/>
      </extension>
      <extension url="value">
        <valueString value="template-page-md.html"/>
      </extension>
    </extension>
    <extension url="http://hl7.org/fhir/tools/StructureDefinition/ig-parameter">
      <extension url="code">
        <valueCode value="apply-context"/>
      </extension>
      <extension url="value">
        <valueString value="true"/>
      </extension>
    </extension>
    <extension url="http://hl7.org/fhir/tools/StructureDefinition/ig-parameter">
      <extension url="code">
        <valueCode value="apply-copyright"/>
      </extension>
      <extension url="value">
        <valueString value="true"/>
      </extension>
    </extension>
    <extension url="http://hl7.org/fhir/tools/StructureDefinition/ig-parameter">
      <extension url="code">
        <valueCode value="apply-jurisdiction"/>
      </extension>
      <extension url="value">
        <valueString value="true"/>
      </extension>
    </extension>
    <extension url="http://hl7.org/fhir/tools/StructureDefinition/ig-parameter">
      <extension url="code">
        <valueCode value="apply-license"/>
      </extension>
      <extension url="value">
        <valueString value="true"/>
      </extension>
    </extension>
    <extension url="http://hl7.org/fhir/tools/StructureDefinition/ig-parameter">
      <extension url="code">
        <valueCode value="apply-version"/>
      </extension>
      <extension url="value">
        <valueString value="true"/>
      </extension>
    </extension>
    <extension url="http://hl7.org/fhir/tools/StructureDefinition/ig-parameter">
      <extension url="code">
        <valueCode value="active-tables"/>
      </extension>
      <extension url="value">
        <valueString value="true"/>
      </extension>
    </extension>
    <extension url="http://hl7.org/fhir/tools/StructureDefinition/ig-parameter">
      <extension url="code">
        <valueCode value="fmm-definition"/>
      </extension>
      <extension url="value">
        <valueString value="http://hl7.org/fhir/versions.html#maturity"/>
      </extension>
    </extension>
    <extension url="http://hl7.org/fhir/tools/StructureDefinition/ig-parameter">
      <extension url="code">
        <valueCode value="propagate-status"/>
      </extension>
      <extension url="value">
        <valueString value="true"/>
      </extension>
    </extension>
    <extension url="http://hl7.org/fhir/tools/StructureDefinition/ig-parameter">
      <extension url="code">
        <valueCode value="excludelogbinaryformat"/>
      </extension>
      <extension url="value">
        <valueString value="true"/>
      </extension>
    </extension>
    <extension url="http://hl7.org/fhir/tools/StructureDefinition/ig-parameter">
      <extension url="code">
        <valueCode value="tabbed-snapshots"/>
      </extension>
      <extension url="value">
        <valueString value="true"/>
      </extension>
    </extension>
    <resource>
      <extension url="http://hl7.org/fhir/tools/StructureDefinition/resource-information">
        <valueString value="TestScript"/>
      </extension>
      <reference>
        <reference value="TestScript/hospitalnotification-PF-receive-emer-01"/>
      </reference>
      <name value="HospitalNotification_TestScript_PF-receive-emer-01"/>
      <description value="Receive: Patient is admitted, message is corrected due to incorrect hospital department"/>
      <exampleBoolean value="true"/>
    </resource>
    <resource>
      <extension url="http://hl7.org/fhir/tools/StructureDefinition/resource-information">
        <valueString value="TestScript"/>
      </extension>
      <reference>
        <reference value="TestScript/hospitalnotification-PF-receive-emer-02"/>
      </reference>
      <name value="HospitalNotification_TestScript_PF-receive-emer-02"/>
      <description value="Receive: Patient is admitted, message is corrected due to incorrect time of admission"/>
      <exampleBoolean value="true"/>
    </resource>
    <resource>
      <extension url="http://hl7.org/fhir/tools/StructureDefinition/resource-information">
        <valueString value="TestScript"/>
      </extension>
      <reference>
        <reference value="TestScript/hospitalnotification-PF-receive-emer-imp-01"/>
      </reference>
      <name value="HospitalNotification_TestScript_PF-receive-emer-imp-01"/>
      <description value="Receive: Patient is admitted as emergency, patient is admitted as inpatient, patient is discharged"/>
      <exampleBoolean value="true"/>
    </resource>
    <resource>
      <extension url="http://hl7.org/fhir/tools/StructureDefinition/resource-information">
        <valueString value="TestScript"/>
      </extension>
      <reference>
        <reference value="TestScript/hospitalnotification-PF-receive-imp-01"/>
      </reference>
      <name value="HospitalNotification_TestScript_PF-receive-imp-01"/>
      <description value="Receive: Patient is admitted, patient is registered as being on leave, patient returns from leave, patient is discharged"/>
      <exampleBoolean value="true"/>
    </resource>
    <resource>
      <extension url="http://hl7.org/fhir/tools/StructureDefinition/resource-information">
        <valueString value="TestScript"/>
      </extension>
      <reference>
        <reference value="TestScript/hospitalnotification-PF-receive-imp-02"/>
      </reference>
      <name value="HospitalNotification_TestScript_PF-receive-imp-02"/>
      <description value="Receive: Patient is admitted, patient is registered as being on leave, patient doesn't return from leave, patient is discharged"/>
      <exampleBoolean value="true"/>
    </resource>
    <resource>
      <extension url="http://hl7.org/fhir/tools/StructureDefinition/resource-information">
        <valueString value="TestScript"/>
      </extension>
      <reference>
        <reference value="TestScript/hospitalnotification-PF-receive-imp-03"/>
      </reference>
      <name value="HospitalNotification_TestScript_PF-receive-imp-03"/>
      <description value="Receive: Patient is admitted, patient is registered as being on leave, patient returns from leave, patient is registered as dead"/>
      <exampleBoolean value="true"/>
    </resource>
    <resource>
      <extension url="http://hl7.org/fhir/tools/StructureDefinition/resource-information">
        <valueString value="TestScript"/>
      </extension>
      <reference>
        <reference value="TestScript/hospitalnotification-PF-receive-imp-04"/>
      </reference>
      <name value="HospitalNotification_TestScript_PF-receive-imp-04"/>
      <description value="Receive: Patient is admitted, 'patient is registered as being on leave, patient returns from leave', ' to ' x 2"/>
      <exampleBoolean value="true"/>
    </resource>
    <resource>
      <extension url="http://hl7.org/fhir/tools/StructureDefinition/resource-information">
        <valueString value="TestScript"/>
      </extension>
      <reference>
        <reference value="TestScript/hospitalnotification-PF-receive-imp-05"/>
      </reference>
      <name value="HospitalNotification_TestScript_PF-receive-imp-05"/>
      <description value="Receive: Patient is admitted, message is corrected due to incorrect hospital department"/>
      <exampleBoolean value="true"/>
    </resource>
    <resource>
      <extension url="http://hl7.org/fhir/tools/StructureDefinition/resource-information">
        <valueString value="TestScript"/>
      </extension>
      <reference>
        <reference value="TestScript/hospitalnotification-PF-receive-imp-06"/>
      </reference>
      <name value="HospitalNotification_TestScript_PF-receive-imp-06"/>
      <description value="Receive: Patient is admitted, message is corrected due to incorrect time of admission"/>
      <exampleBoolean value="true"/>
    </resource>
    <resource>
      <extension url="http://hl7.org/fhir/tools/StructureDefinition/resource-information">
        <valueString value="TestScript"/>
      </extension>
      <reference>
        <reference value="TestScript/hospitalnotification-PF-receive-tec-01"/>
      </reference>
      <name value="HospitalNotification_TestScript_PF-receive-tec-01"/>
      <description value="Receive dublicate: Patient is admitted, doesn't get acknowledged, patient is admitted"/>
      <exampleBoolean value="true"/>
    </resource>
    <resource>
      <extension url="http://hl7.org/fhir/tools/StructureDefinition/resource-information">
        <valueString value="TestScript"/>
      </extension>
      <reference>
        <reference value="TestScript/hospitalnotification-PF-receive-tec-02"/>
      </reference>
      <name value="HospitalNotification_TestScript_PF-receive-tec-02"/>
      <description value="Receive: Receive cancellation of admit patient: Patient is admitted, correction of admit patient and cancellation admit patient"/>
      <exampleBoolean value="true"/>
    </resource>
    <resource>
      <extension url="http://hl7.org/fhir/tools/StructureDefinition/resource-information">
        <valueString value="TestScript"/>
      </extension>
      <reference>
        <reference value="TestScript/hospitalnotification-PF-receive-tec-03"/>
      </reference>
      <name value="HospitalNotification_TestScript_PF-receive-tec-03"/>
      <description value="Receive: Messages received in wrong order: Patient is admitted as emergency, patient is discharged, patient is admitted as inpatient."/>
      <exampleBoolean value="true"/>
    </resource>
    <resource>
      <extension url="http://hl7.org/fhir/tools/StructureDefinition/resource-information">
        <valueString value="TestScript"/>
      </extension>
      <reference>
        <reference value="TestScript/hospitalnotification-PF-receive-tec-04"/>
      </reference>
      <name value="HospitalNotification_TestScript_PF-receive-tec-04"/>
      <description value="Receive: Receive a message with different timezones (+01:00 and +02:00): Patient is admitted in one timezone, patient is discharged in a different timezone."/>
      <exampleBoolean value="true"/>
    </resource>
    <resource>
      <extension url="http://hl7.org/fhir/tools/StructureDefinition/resource-information">
        <valueString value="TestScript"/>
      </extension>
      <reference>
        <reference value="TestScript/hospitalnotification-PF-receive-tec-05"/>
      </reference>
      <name value="HospitalNotification_TestScript_PF-receive-tec-05"/>
      <description value="Receive: Receive a message on the 29th of February 2024 (leap year): Patient is admitted on the date of leap year"/>
      <exampleBoolean value="true"/>
    </resource>
    <resource>
      <extension url="http://hl7.org/fhir/tools/StructureDefinition/resource-information">
        <valueString value="TestScript"/>
      </extension>
      <reference>
        <reference value="TestScript/hospitalnotification-PF-receive-tec-06"/>
      </reference>
      <name value="HospitalNotification_TestScript_PF-receive-tec-06"/>
      <description value="Receive: Receive a message where the serviceprovider is different from the sender: Patient is admitted"/>
      <exampleBoolean value="true"/>
    </resource>
    <resource>
      <extension url="http://hl7.org/fhir/tools/StructureDefinition/resource-information">
        <valueString value="TestScript"/>
      </extension>
      <reference>
        <reference value="TestScript/hospitalnotification-PF-send-emer-01"/>
      </reference>
      <name value="HospitalNotification_TestScript_PF-send-emer-01"/>
      <description value="Send: Register patient as acute ambulant, correct message due to incorrect hospital department"/>
      <exampleBoolean value="true"/>
    </resource>
    <resource>
      <extension url="http://hl7.org/fhir/tools/StructureDefinition/resource-information">
        <valueString value="TestScript"/>
      </extension>
      <reference>
        <reference value="TestScript/hospitalnotification-PF-send-emer-02"/>
      </reference>
      <name value="HospitalNotification_TestScript_PF-send-emer-02"/>
      <description value="Send: Register patient as acute ambulant, correct message due to incorrect time of admission."/>
      <exampleBoolean value="true"/>
    </resource>
    <resource>
      <extension url="http://hl7.org/fhir/tools/StructureDefinition/resource-information">
        <valueString value="TestScript"/>
      </extension>
      <reference>
        <reference value="TestScript/hospitalnotification-PF-send-emer-imp-01"/>
      </reference>
      <name value="HospitalNotification_TestScript_PF-send-emer-imp-01"/>
      <description value="Send: Register patient as acute ambulant, admit patient (inpatient), discharge patient"/>
      <exampleBoolean value="true"/>
    </resource>
    <resource>
      <extension url="http://hl7.org/fhir/tools/StructureDefinition/resource-information">
        <valueString value="TestScript"/>
      </extension>
      <reference>
        <reference value="TestScript/hospitalnotification-PF-send-imp-01"/>
      </reference>
      <name value="HospitalNotification_TestScript_PF-send-imp-01"/>
      <description value="Send: Admit patient, register patient as being on leave, register patient as returned from leave, discharge patient."/>
      <exampleBoolean value="true"/>
    </resource>
    <resource>
      <extension url="http://hl7.org/fhir/tools/StructureDefinition/resource-information">
        <valueString value="TestScript"/>
      </extension>
      <reference>
        <reference value="TestScript/hospitalnotification-PF-send-imp-02"/>
      </reference>
      <name value="HospitalNotification_TestScript_PF-send-imp-02"/>
      <description value="Send: Admit patient, register patient as being on leave, patient doesn't return from leave, discharge patient."/>
      <exampleBoolean value="true"/>
    </resource>
    <resource>
      <extension url="http://hl7.org/fhir/tools/StructureDefinition/resource-information">
        <valueString value="TestScript"/>
      </extension>
      <reference>
        <reference value="TestScript/hospitalnotification-PF-send-imp-03"/>
      </reference>
      <name value="HospitalNotification_TestScript_PF-send-imp-03"/>
      <description value="Send: Admit patient, register patient as being on leave, patient returns from leave, patient dies"/>
      <exampleBoolean value="true"/>
    </resource>
    <resource>
      <extension url="http://hl7.org/fhir/tools/StructureDefinition/resource-information">
        <valueString value="TestScript"/>
      </extension>
      <reference>
        <reference value="TestScript/hospitalnotification-PF-send-imp-04"/>
      </reference>
      <name value="HospitalNotification_TestScript_PF-send-imp-04"/>
      <description value="Send: Admit patient, *register patient as being on leave, patient returns from leave*, * to * x2"/>
      <exampleBoolean value="true"/>
    </resource>
    <resource>
      <extension url="http://hl7.org/fhir/tools/StructureDefinition/resource-information">
        <valueString value="TestScript"/>
      </extension>
      <reference>
        <reference value="TestScript/hospitalnotification-PF-send-imp-05"/>
      </reference>
      <name value="HospitalNotification_TestScript_PF-send-imp-05"/>
      <description value="Send: Admit patient, correct message due to incorrect hospital department. Evaluation is based on SOR number."/>
      <exampleBoolean value="true"/>
    </resource>
    <resource>
      <extension url="http://hl7.org/fhir/tools/StructureDefinition/resource-information">
        <valueString value="TestScript"/>
      </extension>
      <reference>
        <reference value="TestScript/hospitalnotification-PF-send-imp-06"/>
      </reference>
      <name value="HospitalNotification_TestScript_PF-send-imp-06"/>
      <description value="Send: Admit patient, correct message due to incorrect time of admission."/>
      <exampleBoolean value="true"/>
    </resource>
    <resource>
      <extension url="http://hl7.org/fhir/tools/StructureDefinition/resource-information">
        <valueString value="TestScript"/>
      </extension>
      <reference>
        <reference value="TestScript/hospitalnotification-PF-send-tec-01"/>
      </reference>
      <name value="HospitalNotification_TestScript_PF-send-tec-01"/>
      <description value="Send: Cancel a corrected admission: Admit patient, correct admit patient and cancel admit patient"/>
      <exampleBoolean value="true"/>
    </resource>
    <resource>
      <extension url="http://hl7.org/fhir/tools/StructureDefinition/resource-information">
        <valueString value="TestScript"/>
      </extension>
      <reference>
        <reference value="TestScript/hospitalnotification-PF-send-tec-02"/>
      </reference>
      <name value="HospitalNotification_TestScript_PF-send-tec-02"/>
      <description value="Send: Send a message on the 29th of February 2024 (leap year)"/>
      <exampleBoolean value="true"/>
    </resource>
    <resource>
      <extension url="http://hl7.org/fhir/tools/StructureDefinition/resource-information">
        <valueString value="TestScript"/>
      </extension>
      <reference>
        <reference value="TestScript/hospitalnotification-PF-send-tec-03"/>
      </reference>
      <name value="HospitalNotification_TestScript_PF-send-tec-03"/>
      <description value="Send: Send dublicate: Admit patient, doesn't get acknowledged, send admit patient. IDs are handled correct"/>
      <exampleBoolean value="true"/>
    </resource>
    <resource>
      <extension url="http://hl7.org/fhir/tools/StructureDefinition/resource-information">
        <valueString value="TestScript"/>
      </extension>
      <reference>
        <reference value="TestScript/hospitalnotification-PF-send-tec-04"/>
      </reference>
      <name value="HospitalNotification_TestScript_PF-send-tec-04"/>
      <description value="Send: Admit patient and End hospital stay in different timezones. Correct use of timezone of summertime (+02:00) and vintertime (+01:00)."/>
      <exampleBoolean value="true"/>
    </resource>
    <resource>
      <extension url="http://hl7.org/fhir/tools/StructureDefinition/resource-information">
        <valueString value="TestScript"/>
      </extension>
      <reference>
        <reference value="TestScript/hospitalnotification-receive-an-mors"/>
      </reference>
      <name value="HospitalNotification_TestScript_receive-AN-MORS"/>
      <description value="Receive: Cancellation Deceased - is dead at arrival to the hospital"/>
      <exampleBoolean value="true"/>
    </resource>
    <resource>
      <extension url="http://hl7.org/fhir/tools/StructureDefinition/resource-information">
        <valueString value="TestScript"/>
      </extension>
      <reference>
        <reference value="TestScript/hospitalnotification-receive-an-mors-emer"/>
      </reference>
      <name value="HospitalNotification_TestScript_receive-AN-MORS-emer"/>
      <description value="Receive: Cancellation Deceased - deceased during acute ambulant"/>
      <exampleBoolean value="true"/>
    </resource>
    <resource>
      <extension url="http://hl7.org/fhir/tools/StructureDefinition/resource-information">
        <valueString value="TestScript"/>
      </extension>
      <reference>
        <reference value="TestScript/hospitalnotification-receive-an-mors-imp"/>
      </reference>
      <name value="HospitalNotification_TestScript_receive-AN-MORS-imp"/>
      <description value="Receive: Cancellation Deceased - deceased during hospital stay"/>
      <exampleBoolean value="true"/>
    </resource>
    <resource>
      <extension url="http://hl7.org/fhir/tools/StructureDefinition/resource-information">
        <valueString value="TestScript"/>
      </extension>
      <reference>
        <reference value="TestScript/hospitalnotification-receive-an-mors-stor"/>
      </reference>
      <name value="HospitalNotification_TestScript_receive-AN-MORS-STOR"/>
      <description value="Receive: Cancellation Deceased - deceased during a period of leave"/>
      <exampleBoolean value="true"/>
    </resource>
    <resource>
      <extension url="http://hl7.org/fhir/tools/StructureDefinition/resource-information">
        <valueString value="TestScript"/>
      </extension>
      <reference>
        <reference value="TestScript/hospitalnotification-receive-an-slhj-emer"/>
      </reference>
      <name value="HospitalNotification_TestScript_receive-AN-SLHJ-emer"/>
      <description value="Receive: Cancellation End hospital stay - patient completed to home/primary sector"/>
      <exampleBoolean value="true"/>
    </resource>
    <resource>
      <extension url="http://hl7.org/fhir/tools/StructureDefinition/resource-information">
        <valueString value="TestScript"/>
      </extension>
      <reference>
        <reference value="TestScript/hospitalnotification-receive-an-slhj-imp"/>
      </reference>
      <name value="HospitalNotification_TestScript_receive-AN-SLHJ-imp"/>
      <description value="Receive: Cancellation End hospital stay - patient completed to home/primary sector"/>
      <exampleBoolean value="true"/>
    </resource>
    <resource>
      <extension url="http://hl7.org/fhir/tools/StructureDefinition/resource-information">
        <valueString value="TestScript"/>
      </extension>
      <reference>
        <reference value="TestScript/hospitalnotification-receive-an-slor"/>
      </reference>
      <name value="HospitalNotification_TestScript_receive-AN-SLOR"/>
      <description value="Receive: Cancellation End leave"/>
      <exampleBoolean value="true"/>
    </resource>
    <resource>
      <extension url="http://hl7.org/fhir/tools/StructureDefinition/resource-information">
        <valueString value="TestScript"/>
      </extension>
      <reference>
        <reference value="TestScript/hospitalnotification-receive-an-staa"/>
      </reference>
      <name value="HospitalNotification_TestScript_receive-AN-STAA"/>
      <description value="Receive: Cancellation Start hospital stay - acute ambulant"/>
      <exampleBoolean value="true"/>
    </resource>
    <resource>
      <extension url="http://hl7.org/fhir/tools/StructureDefinition/resource-information">
        <valueString value="TestScript"/>
      </extension>
      <reference>
        <reference value="TestScript/hospitalnotification-receive-an-stin"/>
      </reference>
      <name value="HospitalNotification_TestScript_receive-AN-STIN"/>
      <description value="Receive: Cancellation Start hospital stay"/>
      <exampleBoolean value="true"/>
    </resource>
    <resource>
      <extension url="http://hl7.org/fhir/tools/StructureDefinition/resource-information">
        <valueString value="TestScript"/>
      </extension>
      <reference>
        <reference value="TestScript/hospitalnotification-receive-an-stor"/>
      </reference>
      <name value="HospitalNotification_TestScript_receive-AN-STOR"/>
      <description value="Receive: Cancellation Start leave"/>
      <exampleBoolean value="true"/>
    </resource>
    <resource>
      <extension url="http://hl7.org/fhir/tools/StructureDefinition/resource-information">
        <valueString value="TestScript"/>
      </extension>
      <reference>
        <reference value="TestScript/hospitalnotification-receive-mors"/>
      </reference>
      <name value="HospitalNotification_TestScript_receive-MORS"/>
      <description value="Receive: Deceased - is dead at arrival to the hospital"/>
      <exampleBoolean value="true"/>
    </resource>
    <resource>
      <extension url="http://hl7.org/fhir/tools/StructureDefinition/resource-information">
        <valueString value="TestScript"/>
      </extension>
      <reference>
        <reference value="TestScript/hospitalnotification-receive-mors-emer"/>
      </reference>
      <name value="HospitalNotification_TestScript_receive-MORS-emer"/>
      <description value="Receive: Deceased - deceased during acute ambulant"/>
      <exampleBoolean value="true"/>
    </resource>
    <resource>
      <extension url="http://hl7.org/fhir/tools/StructureDefinition/resource-information">
        <valueString value="TestScript"/>
      </extension>
      <reference>
        <reference value="TestScript/hospitalnotification-receive-mors-imp"/>
      </reference>
      <name value="HospitalNotification_TestScript_receive-MORS-imp"/>
      <description value="Receive: Deceased - deceased during hospital stay"/>
      <exampleBoolean value="true"/>
    </resource>
    <resource>
      <extension url="http://hl7.org/fhir/tools/StructureDefinition/resource-information">
        <valueString value="TestScript"/>
      </extension>
      <reference>
        <reference value="TestScript/hospitalnotification-receive-mors-stor"/>
      </reference>
      <name value="HospitalNotification_TestScript_receive-MORS-STOR"/>
      <description value="Receive: Deceased - deceased during a period of leave"/>
      <exampleBoolean value="true"/>
    </resource>
    <resource>
      <extension url="http://hl7.org/fhir/tools/StructureDefinition/resource-information">
        <valueString value="TestScript"/>
      </extension>
      <reference>
        <reference value="TestScript/hospitalnotification-receive-re-mors"/>
      </reference>
      <name value="HospitalNotification_TestScript_receive-RE-MORS"/>
      <description value="Receive: Update Deceased - is dead at arrival to the hospital"/>
      <exampleBoolean value="true"/>
    </resource>
    <resource>
      <extension url="http://hl7.org/fhir/tools/StructureDefinition/resource-information">
        <valueString value="TestScript"/>
      </extension>
      <reference>
        <reference value="TestScript/hospitalnotification-receive-re-mors-emer"/>
      </reference>
      <name value="HospitalNotification_TestScript_receive-RE-MORS-emer"/>
      <description value="Receive: Update Deceased - deceased during acute ambulant"/>
      <exampleBoolean value="true"/>
    </resource>
    <resource>
      <extension url="http://hl7.org/fhir/tools/StructureDefinition/resource-information">
        <valueString value="TestScript"/>
      </extension>
      <reference>
        <reference value="TestScript/hospitalnotification-receive-re-mors-imp"/>
      </reference>
      <name value="HospitalNotification_TestScript_receive-RE-MORS-imp"/>
      <description value="Receive: Update Deceased - deceased during hospital stay"/>
      <exampleBoolean value="true"/>
    </resource>
    <resource>
      <extension url="http://hl7.org/fhir/tools/StructureDefinition/resource-information">
        <valueString value="TestScript"/>
      </extension>
      <reference>
        <reference value="TestScript/hospitalnotification-receive-re-mors-stor"/>
      </reference>
      <name value="HospitalNotification_TestScript_receive-RE-MORS-STOR"/>
      <description value="Receive: Update Deceased - deceased during a period of leave"/>
      <exampleBoolean value="true"/>
    </resource>
    <resource>
      <extension url="http://hl7.org/fhir/tools/StructureDefinition/resource-information">
        <valueString value="TestScript"/>
      </extension>
      <reference>
        <reference value="TestScript/hospitalnotification-receive-re-slhj-emer"/>
      </reference>
      <name value="HospitalNotification_TestScript_receive-RE-SLHJ-emer"/>
      <description value="Receive: Update End hospital stay - patient completed to home/primary sector"/>
      <exampleBoolean value="true"/>
    </resource>
    <resource>
      <extension url="http://hl7.org/fhir/tools/StructureDefinition/resource-information">
        <valueString value="TestScript"/>
      </extension>
      <reference>
        <reference value="TestScript/hospitalnotification-receive-re-slhj-imp"/>
      </reference>
      <name value="HospitalNotification_TestScript_receive-RE-SLHJ-imp"/>
      <description value="Receive: Update End hospital stay - patient completed to home/primary sector"/>
      <exampleBoolean value="true"/>
    </resource>
    <resource>
      <extension url="http://hl7.org/fhir/tools/StructureDefinition/resource-information">
        <valueString value="TestScript"/>
      </extension>
      <reference>
        <reference value="TestScript/hospitalnotification-receive-re-slor"/>
      </reference>
      <name value="HospitalNotification_TestScript_receive-RE-SLOR"/>
      <description value="Receive: Update End leave"/>
      <exampleBoolean value="true"/>
    </resource>
    <resource>
      <extension url="http://hl7.org/fhir/tools/StructureDefinition/resource-information">
        <valueString value="TestScript"/>
      </extension>
      <reference>
        <reference value="TestScript/hospitalnotification-receive-re-staa"/>
      </reference>
      <name value="HospitalNotification_TestScript_receive-RE-STAA"/>
      <description value="Receive: Update Start hospital stay - acute ambulant"/>
      <exampleBoolean value="true"/>
    </resource>
    <resource>
      <extension url="http://hl7.org/fhir/tools/StructureDefinition/resource-information">
        <valueString value="TestScript"/>
      </extension>
      <reference>
        <reference value="TestScript/hospitalnotification-receive-re-stin"/>
      </reference>
      <name value="HospitalNotification_TestScript_receive-RE-STIN"/>
      <description value="Receive: Update Start hospital stay"/>
      <exampleBoolean value="true"/>
    </resource>
    <resource>
      <extension url="http://hl7.org/fhir/tools/StructureDefinition/resource-information">
        <valueString value="TestScript"/>
      </extension>
      <reference>
        <reference value="TestScript/hospitalnotification-receive-re-stor"/>
      </reference>
      <name value="HospitalNotification_TestScript_receive-RE-STOR"/>
      <description value="Receive: Update Start leave"/>
      <exampleBoolean value="true"/>
    </resource>
    <resource>
      <extension url="http://hl7.org/fhir/tools/StructureDefinition/resource-information">
        <valueString value="TestScript"/>
      </extension>
      <reference>
        <reference value="TestScript/hospitalnotification-receive-slhj-emer"/>
      </reference>
      <name value="HospitalNotification_TestScript_receive-SLHJ-emer"/>
      <description value="Receive: End hospital stay - patient completed to home/primary sector"/>
      <exampleBoolean value="true"/>
    </resource>
    <resource>
      <extension url="http://hl7.org/fhir/tools/StructureDefinition/resource-information">
        <valueString value="TestScript"/>
      </extension>
      <reference>
        <reference value="TestScript/hospitalnotification-receive-slhj-imp"/>
      </reference>
      <name value="HospitalNotification_TestScript_receive-SLHJ-imp"/>
      <description value="Receive: End hospital stay - patient completed to home/primary sector"/>
      <exampleBoolean value="true"/>
    </resource>
    <resource>
      <extension url="http://hl7.org/fhir/tools/StructureDefinition/resource-information">
        <valueString value="TestScript"/>
      </extension>
      <reference>
        <reference value="TestScript/hospitalnotification-receive-slor"/>
      </reference>
      <name value="HospitalNotification_TestScript_receive-SLOR"/>
      <description value="Receive: End leave"/>
      <exampleBoolean value="true"/>
    </resource>
    <resource>
      <extension url="http://hl7.org/fhir/tools/StructureDefinition/resource-information">
        <valueString value="TestScript"/>
      </extension>
      <reference>
        <reference value="TestScript/hospitalnotification-receive-staa"/>
      </reference>
      <name value="HospitalNotification_TestScript_receive-STAA"/>
      <description value="Receive: Start hospital stay - acute ambulant"/>
      <exampleBoolean value="true"/>
    </resource>
    <resource>
      <extension url="http://hl7.org/fhir/tools/StructureDefinition/resource-information">
        <valueString value="TestScript"/>
      </extension>
      <reference>
        <reference value="TestScript/hospitalnotification-receive-stin"/>
      </reference>
      <name value="HospitalNotification_TestScript_receive-STIN"/>
      <description value="Receive: Start hospital stay - admitted"/>
      <exampleBoolean value="true"/>
    </resource>
    <resource>
      <extension url="http://hl7.org/fhir/tools/StructureDefinition/resource-information">
        <valueString value="TestScript"/>
      </extension>
      <reference>
        <reference value="TestScript/hospitalnotification-receive-stin-a1"/>
      </reference>
      <name value="HospitalNotification_TestScript_receive-STIN-A1"/>
      <description value="Receive: Start hospital stay - admitted, without request for reportOfAdmission"/>
      <exampleBoolean value="true"/>
    </resource>
    <resource>
      <extension url="http://hl7.org/fhir/tools/StructureDefinition/resource-information">
        <valueString value="TestScript"/>
      </extension>
      <reference>
        <reference value="TestScript/hospitalnotification-receive-stor"/>
      </reference>
      <name value="HospitalNotification_TestScript_receive-STOR"/>
      <description value="Receive: Start leave"/>
      <exampleBoolean value="true"/>
    </resource>
    <resource>
      <extension url="http://hl7.org/fhir/tools/StructureDefinition/resource-information">
        <valueString value="TestScript"/>
      </extension>
      <reference>
        <reference value="TestScript/hospitalnotification-send-an-mors"/>
      </reference>
      <name value="HospitalNotification_TestScript_AN_MORS"/>
      <description value="Send: Cancellation Deceased - dead at arrival to the hospital"/>
      <exampleBoolean value="true"/>
    </resource>
    <resource>
      <extension url="http://hl7.org/fhir/tools/StructureDefinition/resource-information">
        <valueString value="TestScript"/>
      </extension>
      <reference>
        <reference value="TestScript/hospitalnotification-send-an-mors-emer"/>
      </reference>
      <name value="HospitalNotification_TestScript_AN_MORS-emer"/>
      <description value="Send: Cancellation Deceased - deceased during acute ambulant"/>
      <exampleBoolean value="true"/>
    </resource>
    <resource>
      <extension url="http://hl7.org/fhir/tools/StructureDefinition/resource-information">
        <valueString value="TestScript"/>
      </extension>
      <reference>
        <reference value="TestScript/hospitalnotification-send-an-mors-imp"/>
      </reference>
      <name value="HospitalNotification_TestScript_AN_MORS-IMP"/>
      <description value="Send: Cancellation Deceased - deceased during admission"/>
      <exampleBoolean value="true"/>
    </resource>
    <resource>
      <extension url="http://hl7.org/fhir/tools/StructureDefinition/resource-information">
        <valueString value="TestScript"/>
      </extension>
      <reference>
        <reference value="TestScript/hospitalnotification-send-an-mors-stor"/>
      </reference>
      <name value="HospitalNotification_TestScript_AN_MORS-STOR"/>
      <description value="Send: Cancellation Deceased - deceased during a period of leave"/>
      <exampleBoolean value="true"/>
    </resource>
    <resource>
      <extension url="http://hl7.org/fhir/tools/StructureDefinition/resource-information">
        <valueString value="TestScript"/>
      </extension>
      <reference>
        <reference value="TestScript/hospitalnotification-send-an-slhj-emer"/>
      </reference>
      <name value="HospitalNotification_TestScript_AN_SLHJ-emer"/>
      <description value="Send: Cancellation End hospital stay - patient completed to home/primary sector"/>
      <exampleBoolean value="true"/>
    </resource>
    <resource>
      <extension url="http://hl7.org/fhir/tools/StructureDefinition/resource-information">
        <valueString value="TestScript"/>
      </extension>
      <reference>
        <reference value="TestScript/hospitalnotification-send-an-slhj-imp"/>
      </reference>
      <name value="HospitalNotification_TestScript_AN_SLHJ-imp"/>
      <description value="Send: Cancellation End hospital stay - patient completed to home/primary sector"/>
      <exampleBoolean value="true"/>
    </resource>
    <resource>
      <extension url="http://hl7.org/fhir/tools/StructureDefinition/resource-information">
        <valueString value="TestScript"/>
      </extension>
      <reference>
        <reference value="TestScript/hospitalnotification-send-an-slor"/>
      </reference>
      <name value="HospitalNotification_TestScript_AN_SLOR"/>
      <description value="Send: Cancellation End leave"/>
      <exampleBoolean value="true"/>
    </resource>
    <resource>
      <extension url="http://hl7.org/fhir/tools/StructureDefinition/resource-information">
        <valueString value="TestScript"/>
      </extension>
      <reference>
        <reference value="TestScript/hospitalnotification-send-an-staa"/>
      </reference>
      <name value="HospitalNotification_TestScript_AN_STAA"/>
      <description value="Send: Cancellation Start hospital stay - acute ambulant"/>
      <exampleBoolean value="true"/>
    </resource>
    <resource>
      <extension url="http://hl7.org/fhir/tools/StructureDefinition/resource-information">
        <valueString value="TestScript"/>
      </extension>
      <reference>
        <reference value="TestScript/hospitalnotification-send-an-stin"/>
      </reference>
      <name value="HospitalNotification_TestScript_AN_STIN"/>
      <description value="Send: Cancellation Start hospital stay - admitted"/>
      <exampleBoolean value="true"/>
    </resource>
    <resource>
      <extension url="http://hl7.org/fhir/tools/StructureDefinition/resource-information">
        <valueString value="TestScript"/>
      </extension>
      <reference>
        <reference value="TestScript/hospitalnotification-send-an-stor"/>
      </reference>
      <name value="HospitalNotification_TestScript_AN_STOR"/>
      <description value="Send: Cancellation Start leave"/>
      <exampleBoolean value="true"/>
    </resource>
    <resource>
      <extension url="http://hl7.org/fhir/tools/StructureDefinition/resource-information">
        <valueString value="TestScript"/>
      </extension>
      <reference>
        <reference value="TestScript/hospitalnotification-send-mors"/>
      </reference>
      <name value="HospitalNotification_TestScript_MORS"/>
      <description value="Send: Deceased - dead at arrival to the hospital."/>
      <exampleBoolean value="true"/>
    </resource>
    <resource>
      <extension url="http://hl7.org/fhir/tools/StructureDefinition/resource-information">
        <valueString value="TestScript"/>
      </extension>
      <reference>
        <reference value="TestScript/hospitalnotification-send-mors-emer"/>
      </reference>
      <name value="HospitalNotification_TestScript_MORS-EMER"/>
      <description value="Send: Deceased - deceased during hospital stay"/>
      <exampleBoolean value="true"/>
    </resource>
    <resource>
      <extension url="http://hl7.org/fhir/tools/StructureDefinition/resource-information">
        <valueString value="TestScript"/>
      </extension>
      <reference>
        <reference value="TestScript/hospitalnotification-send-mors-imp"/>
      </reference>
      <name value="HospitalNotification_TestScript_MORS-IMP"/>
      <description value="Send: Deceased - deceased during admission"/>
      <exampleBoolean value="true"/>
    </resource>
    <resource>
      <extension url="http://hl7.org/fhir/tools/StructureDefinition/resource-information">
        <valueString value="TestScript"/>
      </extension>
      <reference>
        <reference value="TestScript/hospitalnotification-send-mors-stor"/>
      </reference>
      <name value="HospitalNotification_TestScript_MORS-STOR"/>
      <description value="Send: Deceased - deceased during a period of leave"/>
      <exampleBoolean value="true"/>
    </resource>
    <resource>
      <extension url="http://hl7.org/fhir/tools/StructureDefinition/resource-information">
        <valueString value="TestScript"/>
      </extension>
      <reference>
        <reference value="TestScript/hospitalnotification-send-re-mors"/>
      </reference>
      <name value="HospitalNotification_TestScript_RE-MORS"/>
      <description value="Send: Update Deceased - dead at arrival to the hospital"/>
      <exampleBoolean value="true"/>
    </resource>
    <resource>
      <extension url="http://hl7.org/fhir/tools/StructureDefinition/resource-information">
        <valueString value="TestScript"/>
      </extension>
      <reference>
        <reference value="TestScript/hospitalnotification-send-re-mors-emer"/>
      </reference>
      <name value="HospitalNotification_TestScript_RE-MORS-emer"/>
      <description value="Send: Update Deceased - deceased during acute ambulant"/>
      <exampleBoolean value="true"/>
    </resource>
    <resource>
      <extension url="http://hl7.org/fhir/tools/StructureDefinition/resource-information">
        <valueString value="TestScript"/>
      </extension>
      <reference>
        <reference value="TestScript/hospitalnotification-send-re-mors-imp"/>
      </reference>
      <name value="HospitalNotification_TestScript_RE-MORS-IMP"/>
      <description value="Send: Update Deceased - deceased during hospital Stay"/>
      <exampleBoolean value="true"/>
    </resource>
    <resource>
      <extension url="http://hl7.org/fhir/tools/StructureDefinition/resource-information">
        <valueString value="TestScript"/>
      </extension>
      <reference>
        <reference value="TestScript/hospitalnotification-send-re-mors-stor"/>
      </reference>
      <name value="HospitalNotification_TestScript_RE-MORS-STOR"/>
      <description value="Send: Update Deceased - deceased during a period of leave"/>
      <exampleBoolean value="true"/>
    </resource>
    <resource>
      <extension url="http://hl7.org/fhir/tools/StructureDefinition/resource-information">
        <valueString value="TestScript"/>
      </extension>
      <reference>
        <reference value="TestScript/hospitalnotification-send-re-slhj-emer"/>
      </reference>
      <name value="HospitalNotification_TestScript_RE_SLHJ-emer"/>
      <description value="Send: Update End hospital stay - patient completed to home/primary sector"/>
      <exampleBoolean value="true"/>
    </resource>
    <resource>
      <extension url="http://hl7.org/fhir/tools/StructureDefinition/resource-information">
        <valueString value="TestScript"/>
      </extension>
      <reference>
        <reference value="TestScript/hospitalnotification-send-re-slhj-imp"/>
      </reference>
      <name value="HospitalNotification_TestScript_RE_SLHJ-imp"/>
      <description value="Send: Update End hospital stay - patient completed to home/primary sector"/>
      <exampleBoolean value="true"/>
    </resource>
    <resource>
      <extension url="http://hl7.org/fhir/tools/StructureDefinition/resource-information">
        <valueString value="TestScript"/>
      </extension>
      <reference>
        <reference value="TestScript/hospitalnotification-send-re-slor"/>
      </reference>
      <name value="HospitalNotification_TestScript_RE_SLOR"/>
      <description value="Send: Update End leave"/>
      <exampleBoolean value="true"/>
    </resource>
    <resource>
      <extension url="http://hl7.org/fhir/tools/StructureDefinition/resource-information">
        <valueString value="TestScript"/>
      </extension>
      <reference>
        <reference value="TestScript/hospitalnotification-send-re-staa"/>
      </reference>
      <name value="HospitalNotification_TestScript_RE_STAA"/>
      <description value="Send: Update Start hospital stay - acute ambulant"/>
      <exampleBoolean value="true"/>
    </resource>
    <resource>
      <extension url="http://hl7.org/fhir/tools/StructureDefinition/resource-information">
        <valueString value="TestScript"/>
      </extension>
      <reference>
        <reference value="TestScript/hospitalnotification-send-re-stin"/>
      </reference>
      <name value="HospitalNotification_TestScript_RE_STIN"/>
      <description value="Send: Update Start hospital stay - admitted"/>
      <exampleBoolean value="true"/>
    </resource>
    <resource>
      <extension url="http://hl7.org/fhir/tools/StructureDefinition/resource-information">
        <valueString value="TestScript"/>
      </extension>
      <reference>
        <reference value="TestScript/hospitalnotification-send-re-stor"/>
      </reference>
      <name value="HospitalNotification_TestScript_RE_STOR"/>
      <description value="Send: Update Start leave"/>
      <exampleBoolean value="true"/>
    </resource>
    <resource>
      <extension url="http://hl7.org/fhir/tools/StructureDefinition/resource-information">
        <valueString value="TestScript"/>
      </extension>
      <reference>
        <reference value="TestScript/hospitalnotification-send-slhj-emer"/>
      </reference>
      <name value="HospitalNotification_TestScript_SLHJ-EMER"/>
      <description value="Send: End hospital stay - patient completed to home/primary sector"/>
      <exampleBoolean value="true"/>
    </resource>
    <resource>
      <extension url="http://hl7.org/fhir/tools/StructureDefinition/resource-information">
        <valueString value="TestScript"/>
      </extension>
      <reference>
        <reference value="TestScript/hospitalnotification-send-slhj-imp"/>
      </reference>
      <name value="HospitalNotification_TestScript_SLHJ-imp"/>
      <description value="Send: End hospital stay - patient completed to home/primary sector"/>
      <exampleBoolean value="true"/>
    </resource>
    <resource>
      <extension url="http://hl7.org/fhir/tools/StructureDefinition/resource-information">
        <valueString value="TestScript"/>
      </extension>
      <reference>
        <reference value="TestScript/hospitalnotification-send-slor"/>
      </reference>
      <name value="HospitalNotification_TestScript_SLOR"/>
      <description value="Send: End leave"/>
      <exampleBoolean value="true"/>
    </resource>
    <resource>
      <extension url="http://hl7.org/fhir/tools/StructureDefinition/resource-information">
        <valueString value="TestScript"/>
      </extension>
      <reference>
        <reference value="TestScript/hospitalnotification-send-staa"/>
      </reference>
      <name value="HospitalNotification_TestScript_STAA"/>
      <description value="Send: Start hospital stay - acute ambulant."/>
      <exampleBoolean value="true"/>
    </resource>
    <resource>
      <extension url="http://hl7.org/fhir/tools/StructureDefinition/resource-information">
        <valueString value="TestScript"/>
      </extension>
      <reference>
        <reference value="TestScript/hospitalnotification-send-stin"/>
      </reference>
      <name value="HospitalNotification_TestScript_STIN"/>
      <description value="Send: Start hospital stay - admitted."/>
      <exampleBoolean value="true"/>
    </resource>
    <resource>
      <extension url="http://hl7.org/fhir/tools/StructureDefinition/resource-information">
        <valueString value="TestScript"/>
      </extension>
      <reference>
        <reference value="TestScript/hospitalnotification-send-stin-a1"/>
      </reference>
      <name value="HospitalNotification_TestScript_STIN-A1"/>
      <description value="Send: Start hospital stay - admitted, without request for a reportOfAdmission."/>
      <exampleBoolean value="true"/>
    </resource>
    <resource>
      <extension url="http://hl7.org/fhir/tools/StructureDefinition/resource-information">
        <valueString value="TestScript"/>
      </extension>
      <reference>
        <reference value="TestScript/hospitalnotification-send-stor"/>
      </reference>
      <name value="HospitalNotification_TestScript_STOR"/>
      <description value="Send: Start leave"/>
      <exampleBoolean value="true"/>
    </resource>
    <resource>
      <extension url="http://hl7.org/fhir/tools/StructureDefinition/resource-information">
        <valueString value="Bundle"/>
      </extension>
      <reference>
        <reference value="Bundle/4af4ef94-c452-4e52-8176-b8bd1d059433"/>
      </reference>
      <name value="4af4ef94-c452-4e52-8176-b8bd1d059433"/>
      <exampleBoolean value="false"/>
    </resource>
    <resource>
      <extension url="http://hl7.org/fhir/tools/StructureDefinition/resource-information">
        <valueString value="Bundle"/>
      </extension>
      <reference>
        <reference value="Bundle/3b11cb1c-63df-4206-a7aa-f299c4a206ba"/>
      </reference>
      <name value="3b11cb1c-63df-4206-a7aa-f299c4a206ba"/>
      <exampleBoolean value="false"/>
    </resource>
    <resource>
      <extension url="http://hl7.org/fhir/tools/StructureDefinition/resource-information">
        <valueString value="Bundle"/>
      </extension>
      <reference>
        <reference value="Bundle/04fc7ad0-4c60-450c-9320-2c821e0a0ce0"/>
      </reference>
      <name value="04fc7ad0-4c60-450c-9320-2c821e0a0ce0"/>
      <exampleBoolean value="false"/>
    </resource>
    <resource>
      <extension url="http://hl7.org/fhir/tools/StructureDefinition/resource-information">
        <valueString value="Bundle"/>
      </extension>
      <reference>
        <reference value="Bundle/fe1c34a3-460a-431d-a0e3-a2b59fa93a9f"/>
      </reference>
      <name value="fe1c34a3-460a-431d-a0e3-a2b59fa93a9f"/>
      <exampleBoolean value="false"/>
    </resource>
    <resource>
      <extension url="http://hl7.org/fhir/tools/StructureDefinition/resource-information">
        <valueString value="Bundle"/>
      </extension>
      <reference>
        <reference value="Bundle/cac520bc-f88b-4e7a-b8fd-bb8750e38c7a"/>
      </reference>
      <name value="cac520bc-f88b-4e7a-b8fd-bb8750e38c7a"/>
      <exampleBoolean value="false"/>
    </resource>
    <resource>
      <extension url="http://hl7.org/fhir/tools/StructureDefinition/resource-information">
        <valueString value="Bundle"/>
      </extension>
      <reference>
        <reference value="Bundle/4d747862-61ab-48c1-a00e-8f527c985169"/>
      </reference>
      <name value="4d747862-61ab-48c1-a00e-8f527c985169"/>
      <exampleBoolean value="false"/>
    </resource>
    <resource>
      <extension url="http://hl7.org/fhir/tools/StructureDefinition/resource-information">
        <valueString value="Bundle"/>
      </extension>
      <reference>
        <reference value="Bundle/2094d603-a09c-462c-a1c9-23859ba035f3"/>
      </reference>
      <name value="2094d603-a09c-462c-a1c9-23859ba035f3"/>
      <exampleBoolean value="false"/>
    </resource>
    <resource>
      <extension url="http://hl7.org/fhir/tools/StructureDefinition/resource-information">
        <valueString value="Bundle"/>
      </extension>
      <reference>
        <reference value="Bundle/5be3a118-64e4-4541-a2fa-a90e3df387d6"/>
      </reference>
      <name value="5be3a118-64e4-4541-a2fa-a90e3df387d6"/>
      <exampleBoolean value="false"/>
    </resource>
    <resource>
      <extension url="http://hl7.org/fhir/tools/StructureDefinition/resource-information">
        <valueString value="Bundle"/>
      </extension>
      <reference>
        <reference value="Bundle/70dfd9bb-362a-4424-a5b8-98fe11e95f42"/>
      </reference>
      <name value="70dfd9bb-362a-4424-a5b8-98fe11e95f42"/>
      <exampleBoolean value="false"/>
    </resource>
    <resource>
      <extension url="http://hl7.org/fhir/tools/StructureDefinition/resource-information">
        <valueString value="Bundle"/>
      </extension>
      <reference>
        <reference value="Bundle/5248a961-331b-4f22-8593-75cdd8d7e36c"/>
      </reference>
      <name value="5248a961-331b-4f22-8593-75cdd8d7e36c"/>
      <exampleBoolean value="false"/>
    </resource>
    <resource>
      <extension url="http://hl7.org/fhir/tools/StructureDefinition/resource-information">
        <valueString value="Bundle"/>
      </extension>
      <reference>
        <reference value="Bundle/2cadabe8-9349-4b2e-9b5e-4441c9aeef4b"/>
      </reference>
      <name value="2cadabe8-9349-4b2e-9b5e-4441c9aeef4b"/>
      <exampleBoolean value="false"/>
    </resource>
    <resource>
      <extension url="http://hl7.org/fhir/tools/StructureDefinition/resource-information">
        <valueString value="Bundle"/>
      </extension>
      <reference>
        <reference value="Bundle/d434d732-951c-4dd3-aeb8-2e18f1c81942"/>
      </reference>
      <name value="d434d732-951c-4dd3-aeb8-2e18f1c81942"/>
      <exampleBoolean value="false"/>
    </resource>
    <resource>
      <extension url="http://hl7.org/fhir/tools/StructureDefinition/resource-information">
        <valueString value="Bundle"/>
      </extension>
      <reference>
        <reference value="Bundle/a5e5b880-c087-4055-b9ec-99108695f81d"/>
      </reference>
      <name value="a5e5b880-c087-4055-b9ec-99108695f81d"/>
      <exampleBoolean value="false"/>
    </resource>
    <resource>
      <extension url="http://hl7.org/fhir/tools/StructureDefinition/resource-information">
        <valueString value="Bundle"/>
      </extension>
      <reference>
        <reference value="Bundle/3c4c04ea-a622-4c6e-8e62-307a62d4c851"/>
      </reference>
      <name value="3c4c04ea-a622-4c6e-8e62-307a62d4c851"/>
      <exampleBoolean value="false"/>
    </resource>
    <resource>
      <extension url="http://hl7.org/fhir/tools/StructureDefinition/resource-information">
        <valueString value="Bundle"/>
      </extension>
      <reference>
        <reference value="Bundle/64e7f154-668d-4d2a-bf76-2cec049b3252"/>
      </reference>
      <name value="64e7f154-668d-4d2a-bf76-2cec049b3252"/>
      <exampleBoolean value="false"/>
    </resource>
    <resource>
      <extension url="http://hl7.org/fhir/tools/StructureDefinition/resource-information">
        <valueString value="Bundle"/>
      </extension>
      <reference>
        <reference value="Bundle/f628d121-52f5-401b-a195-3492b3fec614"/>
      </reference>
      <name value="f628d121-52f5-401b-a195-3492b3fec614"/>
      <exampleBoolean value="false"/>
    </resource>
    <resource>
      <extension url="http://hl7.org/fhir/tools/StructureDefinition/resource-information">
        <valueString value="Bundle"/>
      </extension>
      <reference>
        <reference value="Bundle/8111a01d-eed2-4244-b079-00afe30d99bd"/>
      </reference>
      <name value="8111a01d-eed2-4244-b079-00afe30d99bd"/>
      <exampleBoolean value="false"/>
    </resource>
    <resource>
      <extension url="http://hl7.org/fhir/tools/StructureDefinition/resource-information">
        <valueString value="Bundle"/>
      </extension>
      <reference>
        <reference value="Bundle/ff90d6fc-fa84-4c0f-969d-84510b0ef7e3"/>
      </reference>
      <name value="ff90d6fc-fa84-4c0f-969d-84510b0ef7e3"/>
      <exampleBoolean value="false"/>
    </resource>
    <resource>
      <extension url="http://hl7.org/fhir/tools/StructureDefinition/resource-information">
        <valueString value="Bundle"/>
      </extension>
      <reference>
        <reference value="Bundle/ce5cf7e2-3a37-4b95-9d2c-268c8ec3c576"/>
      </reference>
      <name value="ce5cf7e2-3a37-4b95-9d2c-268c8ec3c576"/>
      <exampleBoolean value="false"/>
    </resource>
    <resource>
      <extension url="http://hl7.org/fhir/tools/StructureDefinition/resource-information">
        <valueString value="Bundle"/>
      </extension>
      <reference>
        <reference value="Bundle/67df3ce8-0cdb-4e91-937c-d8a3025867e7"/>
      </reference>
      <name value="67df3ce8-0cdb-4e91-937c-d8a3025867e7"/>
      <exampleBoolean value="false"/>
    </resource>
    <resource>
      <extension url="http://hl7.org/fhir/tools/StructureDefinition/resource-information">
        <valueString value="Bundle"/>
      </extension>
      <reference>
        <reference value="Bundle/2361f9af-3411-4f87-93ef-61f501ce01b5"/>
      </reference>
      <name value="2361f9af-3411-4f87-93ef-61f501ce01b5"/>
      <exampleBoolean value="false"/>
    </resource>
    <resource>
      <extension url="http://hl7.org/fhir/tools/StructureDefinition/resource-information">
        <valueString value="Bundle"/>
      </extension>
      <reference>
        <reference value="Bundle/079858e5-8687-4f5c-b183-d9688206fd29"/>
      </reference>
      <name value="079858e5-8687-4f5c-b183-d9688206fd29"/>
      <exampleBoolean value="false"/>
    </resource>
    <resource>
      <extension url="http://hl7.org/fhir/tools/StructureDefinition/resource-information">
        <valueString value="Bundle"/>
      </extension>
      <reference>
        <reference value="Bundle/ae2dc2a8-5094-4d20-9ce5-78878066976a"/>
      </reference>
      <name value="ae2dc2a8-5094-4d20-9ce5-78878066976a"/>
      <exampleBoolean value="false"/>
    </resource>
    <resource>
      <extension url="http://hl7.org/fhir/tools/StructureDefinition/resource-information">
        <valueString value="Bundle"/>
      </extension>
      <reference>
        <reference value="Bundle/9b86a65a-1428-46f5-9487-7e5cdfe687fe"/>
      </reference>
      <name value="9b86a65a-1428-46f5-9487-7e5cdfe687fe"/>
      <exampleBoolean value="false"/>
    </resource>
    <resource>
      <extension url="http://hl7.org/fhir/tools/StructureDefinition/resource-information">
        <valueString value="Bundle"/>
      </extension>
      <reference>
        <reference value="Bundle/82b851ce-4837-49bb-9623-7310d3c83210"/>
      </reference>
      <name value="82b851ce-4837-49bb-9623-7310d3c83210"/>
      <exampleBoolean value="false"/>
    </resource>
    <resource>
      <extension url="http://hl7.org/fhir/tools/StructureDefinition/resource-information">
        <valueString value="Bundle"/>
      </extension>
      <reference>
        <reference value="Bundle/5832154e-58d0-4590-9ba0-21661dbe2658"/>
      </reference>
      <name value="5832154e-58d0-4590-9ba0-21661dbe2658"/>
      <exampleBoolean value="false"/>
    </resource>
    <resource>
      <extension url="http://hl7.org/fhir/tools/StructureDefinition/resource-information">
        <valueString value="Bundle"/>
      </extension>
      <reference>
        <reference value="Bundle/3111b274-76e4-403c-8701-ec94edcd2bf2"/>
      </reference>
      <name value="3111b274-76e4-403c-8701-ec94edcd2bf2"/>
      <exampleBoolean value="false"/>
    </resource>
    <resource>
      <extension url="http://hl7.org/fhir/tools/StructureDefinition/resource-information">
        <valueString value="Bundle"/>
      </extension>
      <reference>
        <reference value="Bundle/cc7b9615-3d48-404d-a82a-f4d158839843"/>
      </reference>
      <name value="cc7b9615-3d48-404d-a82a-f4d158839843"/>
      <exampleBoolean value="false"/>
    </resource>
    <resource>
      <extension url="http://hl7.org/fhir/tools/StructureDefinition/resource-information">
        <valueString value="Bundle"/>
      </extension>
      <reference>
        <reference value="Bundle/91a204af-471b-4ce2-b19f-c458e3716070"/>
      </reference>
      <name value="91a204af-471b-4ce2-b19f-c458e3716070"/>
      <exampleBoolean value="false"/>
    </resource>
    <resource>
      <extension url="http://hl7.org/fhir/tools/StructureDefinition/resource-information">
        <valueString value="Bundle"/>
      </extension>
      <reference>
        <reference value="Bundle/ec49747c-6005-4732-86b5-c7d2ec9f173d"/>
      </reference>
      <name value="ec49747c-6005-4732-86b5-c7d2ec9f173d"/>
      <exampleBoolean value="false"/>
    </resource>
    <resource>
      <extension url="http://hl7.org/fhir/tools/StructureDefinition/resource-information">
        <valueString value="Bundle"/>
      </extension>
      <reference>
        <reference value="Bundle/cd9b8635-aef9-4518-b52d-35fbd384a7be"/>
      </reference>
      <name value="cd9b8635-aef9-4518-b52d-35fbd384a7be"/>
      <exampleBoolean value="false"/>
    </resource>
    <resource>
      <extension url="http://hl7.org/fhir/tools/StructureDefinition/resource-information">
        <valueString value="Bundle"/>
      </extension>
      <reference>
        <reference value="Bundle/abdd86e8-e084-4fad-95ce-fb82c36c5768"/>
      </reference>
      <name value="abdd86e8-e084-4fad-95ce-fb82c36c5768"/>
      <exampleBoolean value="false"/>
    </resource>
    <resource>
      <extension url="http://hl7.org/fhir/tools/StructureDefinition/resource-information">
        <valueString value="Bundle"/>
      </extension>
      <reference>
        <reference value="Bundle/1a32e7d1-7008-4bd4-907e-1fb6a016f5b8"/>
      </reference>
      <name value="1a32e7d1-7008-4bd4-907e-1fb6a016f5b8"/>
      <exampleBoolean value="false"/>
    </resource>
    <resource>
      <extension url="http://hl7.org/fhir/tools/StructureDefinition/resource-information">
        <valueString value="Bundle"/>
      </extension>
      <reference>
        <reference value="Bundle/17a0c807-372b-452c-972e-c59036153b57"/>
      </reference>
      <name value="17a0c807-372b-452c-972e-c59036153b57"/>
      <exampleBoolean value="false"/>
    </resource>
    <resource>
      <extension url="http://hl7.org/fhir/tools/StructureDefinition/resource-information">
        <valueString value="Bundle"/>
      </extension>
      <reference>
        <reference value="Bundle/9479ce7a-6837-42a5-a4d2-08f09254cbc9"/>
      </reference>
      <name value="9479ce7a-6837-42a5-a4d2-08f09254cbc9"/>
      <exampleBoolean value="false"/>
    </resource>
    <resource>
      <extension url="http://hl7.org/fhir/tools/StructureDefinition/resource-information">
        <valueString value="Bundle"/>
      </extension>
      <reference>
        <reference value="Bundle/28e963f1-f629-44a7-a246-7412ed0e457c"/>
      </reference>
      <name value="28e963f1-f629-44a7-a246-7412ed0e457c"/>
      <exampleBoolean value="false"/>
    </resource>
    <resource>
      <extension url="http://hl7.org/fhir/tools/StructureDefinition/resource-information">
        <valueString value="Bundle"/>
      </extension>
      <reference>
        <reference value="Bundle/9fc89121-a0aa-43e0-a753-88bbe142ba91"/>
      </reference>
      <name value="9fc89121-a0aa-43e0-a753-88bbe142ba91"/>
      <exampleBoolean value="false"/>
    </resource>
    <resource>
      <extension url="http://hl7.org/fhir/tools/StructureDefinition/resource-information">
        <valueString value="Bundle"/>
      </extension>
      <reference>
        <reference value="Bundle/71ea109a-a5fb-4301-8609-34d7849190df"/>
      </reference>
      <name value="71ea109a-a5fb-4301-8609-34d7849190df"/>
      <exampleBoolean value="false"/>
    </resource>
    <resource>
      <extension url="http://hl7.org/fhir/tools/StructureDefinition/resource-information">
        <valueString value="Bundle"/>
      </extension>
      <reference>
        <reference value="Bundle/277a564b-1595-41d7-9d49-95eae2336b59"/>
      </reference>
      <name value="277a564b-1595-41d7-9d49-95eae2336b59"/>
      <exampleBoolean value="false"/>
    </resource>
    <resource>
      <extension url="http://hl7.org/fhir/tools/StructureDefinition/resource-information">
        <valueString value="Bundle"/>
      </extension>
      <reference>
        <reference value="Bundle/34fbe325-7edb-4956-a1db-15f2e053ac4d"/>
      </reference>
      <name value="34fbe325-7edb-4956-a1db-15f2e053ac4d"/>
      <exampleBoolean value="false"/>
    </resource>
    <resource>
      <extension url="http://hl7.org/fhir/tools/StructureDefinition/resource-information">
        <valueString value="Bundle"/>
      </extension>
      <reference>
        <reference value="Bundle/271a9b00-0b1c-46ac-b00e-c3193d187c62"/>
      </reference>
      <name value="271a9b00-0b1c-46ac-b00e-c3193d187c62"/>
      <exampleBoolean value="false"/>
    </resource>
    <resource>
      <extension url="http://hl7.org/fhir/tools/StructureDefinition/resource-information">
        <valueString value="Bundle"/>
      </extension>
      <reference>
        <reference value="Bundle/8d184671-a40a-4236-9579-0445ecf98ea0"/>
      </reference>
      <name value="8d184671-a40a-4236-9579-0445ecf98ea0"/>
      <exampleBoolean value="false"/>
    </resource>
    <page>
      <extension url="http://hl7.org/fhir/tools/StructureDefinition/ig-page-name">
        <valueUrl value="toc.html"/>
      </extension>
      <nameUrl value="toc.html"/>
      <title value="Table of Contents"/>
      <generation value="html"/>
      <page>
        <extension url="http://hl7.org/fhir/tools/StructureDefinition/ig-page-name">
          <valueUrl value="index.html"/>
        </extension>
        <nameUrl value="index.html"/>
        <title value="Home"/>
        <generation value="markdown"/>
      </page>
      <page>
        <extension url="http://hl7.org/fhir/tools/StructureDefinition/ig-page-name">
          <valueUrl value="downloads.html"/>
        </extension>
        <nameUrl value="downloads.html"/>
        <title value="Downloads"/>
        <generation value="markdown"/>
      </page>
      <page>
        <extension url="http://hl7.org/fhir/tools/StructureDefinition/ig-page-name">
          <valueUrl value="testexamples.html"/>
        </extension>
        <nameUrl value="testexamples.html"/>
        <title value="Testexamples"/>
        <generation value="markdown"/>
      </page>
      <page>
        <extension url="http://hl7.org/fhir/tools/StructureDefinition/ig-page-name">
          <valueUrl value="testscripts.html"/>
        </extension>
        <nameUrl value="testscripts.html"/>
        <title value="Testscripts"/>
        <generation value="markdown"/>
      </page>
    </page>
    <parameter>
      <code value="path-resource"/>
      <value value="input/capabilities"/>
    </parameter>
    <parameter>
      <code value="path-resource"/>
      <value value="input/examples"/>
    </parameter>
    <parameter>
      <code value="path-resource"/>
      <value value="input/extensions"/>
    </parameter>
    <parameter>
      <code value="path-resource"/>
      <value value="input/models"/>
    </parameter>
    <parameter>
      <code value="path-resource"/>
      <value value="input/operations"/>
    </parameter>
    <parameter>
      <code value="path-resource"/>
      <value value="input/profiles"/>
    </parameter>
    <parameter>
      <code value="path-resource"/>
      <value value="input/resources"/>
    </parameter>
    <parameter>
      <code value="path-resource"/>
      <value value="input/vocabulary"/>
    </parameter>
    <parameter>
      <code value="path-resource"/>
      <value value="input/maps"/>
    </parameter>
    <parameter>
      <code value="path-resource"/>
      <value value="input/testing"/>
    </parameter>
    <parameter>
      <code value="path-resource"/>
      <value value="input/history"/>
    </parameter>
    <parameter>
      <code value="path-resource"/>
      <value value="fsh-generated/resources"/>
    </parameter>
    <parameter>
      <code value="path-pages"/>
      <value value="template/config"/>
    </parameter>
    <parameter>
      <code value="path-pages"/>
      <value value="input/images"/>
    </parameter>
    <parameter>
      <code value="path-tx-cache"/>
      <value value="input-cache/txcache"/>
    </parameter>
  </definition>
</ImplementationGuide>