{
  "resourceType" : "ImplementationGuide",
  "id" : "medcom.fhir.dk.testscripts.hospitalnotification",
  "text" : {
    "status" : "extensions",
    "div" : "<div xmlns=\"http://www.w3.org/1999/xhtml\"><h2>HospitalNotificationTestscripts</h2><p>The official URL for this implementation guide is: </p><pre>http://example.org/fhir/fish/ImplementationGuide/medcom.fhir.dk.testscripts.hospitalnotification</pre><div><p>Testscripts for HospitalNotification v. 3.0.0</p>\n</div></div>"
  },
  "url" : "http://example.org/fhir/fish/ImplementationGuide/medcom.fhir.dk.testscripts.hospitalnotification",
  "version" : "1.0.0-b1",
  "name" : "HospitalNotificationTestscripts",
  "title" : "HospitalNotification Testscripts",
  "status" : "draft",
  "date" : "2023-04-14T12:59:27+02:00",
  "contact" : [{
    "name" : "MedCom",
    "telecom" : [{
      "system" : "email",
      "value" : "fhir@medcom.dk"
    }]
  }],
  "description" : "Testscripts for HospitalNotification v. 3.0.0",
  "packageId" : "medcom.fhir.dk.testscripts.hospitalnotification",
  "license" : "CC0-1.0",
  "fhirVersion" : ["4.0.1"],
  "dependsOn" : [{
    "id" : "hl7tx",
    "extension" : [{
      "url" : "http://hl7.org/fhir/tools/StructureDefinition/implementationguide-dependency-comment",
      "valueMarkdown" : "Automatically added as a dependency - all IGs depend on HL7 Terminology"
    }],
    "uri" : "http://terminology.hl7.org/ImplementationGuide/hl7.terminology",
    "packageId" : "hl7.terminology.r4",
    "version" : "5.0.0"
  }],
  "definition" : {
    "extension" : [{
      "extension" : [{
        "url" : "code",
        "valueString" : "copyrightyear"
      },
      {
        "url" : "value",
        "valueString" : "2020+"
      }],
      "url" : "http://hl7.org/fhir/tools/StructureDefinition/ig-parameter"
    },
    {
      "extension" : [{
        "url" : "code",
        "valueString" : "releaselabel"
      },
      {
        "url" : "value",
        "valueString" : "ci-build"
      }],
      "url" : "http://hl7.org/fhir/tools/StructureDefinition/ig-parameter"
    },
    {
      "extension" : [{
        "url" : "code",
        "valueString" : "apply-publisher"
      },
      {
        "url" : "value",
        "valueString" : "true"
      }],
      "url" : "http://hl7.org/fhir/tools/StructureDefinition/ig-parameter"
    },
    {
      "extension" : [{
        "url" : "code",
        "valueString" : "apply-contact"
      },
      {
        "url" : "value",
        "valueString" : "true"
      }],
      "url" : "http://hl7.org/fhir/tools/StructureDefinition/ig-parameter"
    },
    {
      "extension" : [{
        "url" : "code",
        "valueString" : "show-inherited-invariants"
      },
      {
        "url" : "value",
        "valueString" : "false"
      }],
      "url" : "http://hl7.org/fhir/tools/StructureDefinition/ig-parameter"
    },
    {
      "extension" : [{
        "url" : "code",
        "valueString" : "autoload-resources"
      },
      {
        "url" : "value",
        "valueString" : "true"
      }],
      "url" : "http://hl7.org/fhir/tools/StructureDefinition/ig-parameter"
    },
    {
      "extension" : [{
        "url" : "code",
        "valueString" : "path-liquid"
      },
      {
        "url" : "value",
        "valueString" : "template/liquid"
      }],
      "url" : "http://hl7.org/fhir/tools/StructureDefinition/ig-parameter"
    },
    {
      "extension" : [{
        "url" : "code",
        "valueString" : "path-liquid"
      },
      {
        "url" : "value",
        "valueString" : "input/liquid"
      }],
      "url" : "http://hl7.org/fhir/tools/StructureDefinition/ig-parameter"
    },
    {
      "extension" : [{
        "url" : "code",
        "valueString" : "path-qa"
      },
      {
        "url" : "value",
        "valueString" : "temp/qa"
      }],
      "url" : "http://hl7.org/fhir/tools/StructureDefinition/ig-parameter"
    },
    {
      "extension" : [{
        "url" : "code",
        "valueString" : "path-temp"
      },
      {
        "url" : "value",
        "valueString" : "temp/pages"
      }],
      "url" : "http://hl7.org/fhir/tools/StructureDefinition/ig-parameter"
    },
    {
      "extension" : [{
        "url" : "code",
        "valueString" : "path-output"
      },
      {
        "url" : "value",
        "valueString" : "output"
      }],
      "url" : "http://hl7.org/fhir/tools/StructureDefinition/ig-parameter"
    },
    {
      "extension" : [{
        "url" : "code",
        "valueString" : "path-suppressed-warnings"
      },
      {
        "url" : "value",
        "valueString" : "input/ignoreWarnings.txt"
      }],
      "url" : "http://hl7.org/fhir/tools/StructureDefinition/ig-parameter"
    },
    {
      "extension" : [{
        "url" : "code",
        "valueString" : "path-history"
      },
      {
        "url" : "value",
        "valueString" : "http://example.org/fhir/fish/history.html"
      }],
      "url" : "http://hl7.org/fhir/tools/StructureDefinition/ig-parameter"
    },
    {
      "extension" : [{
        "url" : "code",
        "valueString" : "template-html"
      },
      {
        "url" : "value",
        "valueString" : "template-page.html"
      }],
      "url" : "http://hl7.org/fhir/tools/StructureDefinition/ig-parameter"
    },
    {
      "extension" : [{
        "url" : "code",
        "valueString" : "template-md"
      },
      {
        "url" : "value",
        "valueString" : "template-page-md.html"
      }],
      "url" : "http://hl7.org/fhir/tools/StructureDefinition/ig-parameter"
    },
    {
      "extension" : [{
        "url" : "code",
        "valueString" : "apply-context"
      },
      {
        "url" : "value",
        "valueString" : "true"
      }],
      "url" : "http://hl7.org/fhir/tools/StructureDefinition/ig-parameter"
    },
    {
      "extension" : [{
        "url" : "code",
        "valueString" : "apply-copyright"
      },
      {
        "url" : "value",
        "valueString" : "true"
      }],
      "url" : "http://hl7.org/fhir/tools/StructureDefinition/ig-parameter"
    },
    {
      "extension" : [{
        "url" : "code",
        "valueString" : "apply-jurisdiction"
      },
      {
        "url" : "value",
        "valueString" : "true"
      }],
      "url" : "http://hl7.org/fhir/tools/StructureDefinition/ig-parameter"
    },
    {
      "extension" : [{
        "url" : "code",
        "valueString" : "apply-license"
      },
      {
        "url" : "value",
        "valueString" : "true"
      }],
      "url" : "http://hl7.org/fhir/tools/StructureDefinition/ig-parameter"
    },
    {
      "extension" : [{
        "url" : "code",
        "valueString" : "apply-version"
      },
      {
        "url" : "value",
        "valueString" : "true"
      }],
      "url" : "http://hl7.org/fhir/tools/StructureDefinition/ig-parameter"
    },
    {
      "extension" : [{
        "url" : "code",
        "valueString" : "active-tables"
      },
      {
        "url" : "value",
        "valueString" : "true"
      }],
      "url" : "http://hl7.org/fhir/tools/StructureDefinition/ig-parameter"
    },
    {
      "extension" : [{
        "url" : "code",
        "valueString" : "fmm-definition"
      },
      {
        "url" : "value",
        "valueString" : "http://hl7.org/fhir/versions.html#maturity"
      }],
      "url" : "http://hl7.org/fhir/tools/StructureDefinition/ig-parameter"
    },
    {
      "extension" : [{
        "url" : "code",
        "valueString" : "propagate-status"
      },
      {
        "url" : "value",
        "valueString" : "true"
      }],
      "url" : "http://hl7.org/fhir/tools/StructureDefinition/ig-parameter"
    },
    {
      "extension" : [{
        "url" : "code",
        "valueString" : "excludelogbinaryformat"
      },
      {
        "url" : "value",
        "valueString" : "true"
      }],
      "url" : "http://hl7.org/fhir/tools/StructureDefinition/ig-parameter"
    },
    {
      "extension" : [{
        "url" : "code",
        "valueString" : "tabbed-snapshots"
      },
      {
        "url" : "value",
        "valueString" : "true"
      }],
      "url" : "http://hl7.org/fhir/tools/StructureDefinition/ig-parameter"
    },
    {
      "extension" : [{
        "url" : "code",
        "valueCode" : "copyrightyear"
      },
      {
        "url" : "value",
        "valueString" : "2020+"
      }],
      "url" : "http://hl7.org/fhir/tools/StructureDefinition/ig-parameter"
    },
    {
      "extension" : [{
        "url" : "code",
        "valueCode" : "releaselabel"
      },
      {
        "url" : "value",
        "valueString" : "ci-build"
      }],
      "url" : "http://hl7.org/fhir/tools/StructureDefinition/ig-parameter"
    },
    {
      "extension" : [{
        "url" : "code",
        "valueCode" : "apply-publisher"
      },
      {
        "url" : "value",
        "valueString" : "true"
      }],
      "url" : "http://hl7.org/fhir/tools/StructureDefinition/ig-parameter"
    },
    {
      "extension" : [{
        "url" : "code",
        "valueCode" : "apply-contact"
      },
      {
        "url" : "value",
        "valueString" : "true"
      }],
      "url" : "http://hl7.org/fhir/tools/StructureDefinition/ig-parameter"
    },
    {
      "extension" : [{
        "url" : "code",
        "valueCode" : "show-inherited-invariants"
      },
      {
        "url" : "value",
        "valueString" : "false"
      }],
      "url" : "http://hl7.org/fhir/tools/StructureDefinition/ig-parameter"
    },
    {
      "extension" : [{
        "url" : "code",
        "valueCode" : "autoload-resources"
      },
      {
        "url" : "value",
        "valueString" : "true"
      }],
      "url" : "http://hl7.org/fhir/tools/StructureDefinition/ig-parameter"
    },
    {
      "extension" : [{
        "url" : "code",
        "valueCode" : "path-liquid"
      },
      {
        "url" : "value",
        "valueString" : "template/liquid"
      }],
      "url" : "http://hl7.org/fhir/tools/StructureDefinition/ig-parameter"
    },
    {
      "extension" : [{
        "url" : "code",
        "valueCode" : "path-liquid"
      },
      {
        "url" : "value",
        "valueString" : "input/liquid"
      }],
      "url" : "http://hl7.org/fhir/tools/StructureDefinition/ig-parameter"
    },
    {
      "extension" : [{
        "url" : "code",
        "valueCode" : "path-qa"
      },
      {
        "url" : "value",
        "valueString" : "temp/qa"
      }],
      "url" : "http://hl7.org/fhir/tools/StructureDefinition/ig-parameter"
    },
    {
      "extension" : [{
        "url" : "code",
        "valueCode" : "path-temp"
      },
      {
        "url" : "value",
        "valueString" : "temp/pages"
      }],
      "url" : "http://hl7.org/fhir/tools/StructureDefinition/ig-parameter"
    },
    {
      "extension" : [{
        "url" : "code",
        "valueCode" : "path-output"
      },
      {
        "url" : "value",
        "valueString" : "output"
      }],
      "url" : "http://hl7.org/fhir/tools/StructureDefinition/ig-parameter"
    },
    {
      "extension" : [{
        "url" : "code",
        "valueCode" : "path-suppressed-warnings"
      },
      {
        "url" : "value",
        "valueString" : "input/ignoreWarnings.txt"
      }],
      "url" : "http://hl7.org/fhir/tools/StructureDefinition/ig-parameter"
    },
    {
      "extension" : [{
        "url" : "code",
        "valueCode" : "path-history"
      },
      {
        "url" : "value",
        "valueString" : "http://example.org/fhir/fish/history.html"
      }],
      "url" : "http://hl7.org/fhir/tools/StructureDefinition/ig-parameter"
    },
    {
      "extension" : [{
        "url" : "code",
        "valueCode" : "template-html"
      },
      {
        "url" : "value",
        "valueString" : "template-page.html"
      }],
      "url" : "http://hl7.org/fhir/tools/StructureDefinition/ig-parameter"
    },
    {
      "extension" : [{
        "url" : "code",
        "valueCode" : "template-md"
      },
      {
        "url" : "value",
        "valueString" : "template-page-md.html"
      }],
      "url" : "http://hl7.org/fhir/tools/StructureDefinition/ig-parameter"
    },
    {
      "extension" : [{
        "url" : "code",
        "valueCode" : "apply-context"
      },
      {
        "url" : "value",
        "valueString" : "true"
      }],
      "url" : "http://hl7.org/fhir/tools/StructureDefinition/ig-parameter"
    },
    {
      "extension" : [{
        "url" : "code",
        "valueCode" : "apply-copyright"
      },
      {
        "url" : "value",
        "valueString" : "true"
      }],
      "url" : "http://hl7.org/fhir/tools/StructureDefinition/ig-parameter"
    },
    {
      "extension" : [{
        "url" : "code",
        "valueCode" : "apply-jurisdiction"
      },
      {
        "url" : "value",
        "valueString" : "true"
      }],
      "url" : "http://hl7.org/fhir/tools/StructureDefinition/ig-parameter"
    },
    {
      "extension" : [{
        "url" : "code",
        "valueCode" : "apply-license"
      },
      {
        "url" : "value",
        "valueString" : "true"
      }],
      "url" : "http://hl7.org/fhir/tools/StructureDefinition/ig-parameter"
    },
    {
      "extension" : [{
        "url" : "code",
        "valueCode" : "apply-version"
      },
      {
        "url" : "value",
        "valueString" : "true"
      }],
      "url" : "http://hl7.org/fhir/tools/StructureDefinition/ig-parameter"
    },
    {
      "extension" : [{
        "url" : "code",
        "valueCode" : "active-tables"
      },
      {
        "url" : "value",
        "valueString" : "true"
      }],
      "url" : "http://hl7.org/fhir/tools/StructureDefinition/ig-parameter"
    },
    {
      "extension" : [{
        "url" : "code",
        "valueCode" : "fmm-definition"
      },
      {
        "url" : "value",
        "valueString" : "http://hl7.org/fhir/versions.html#maturity"
      }],
      "url" : "http://hl7.org/fhir/tools/StructureDefinition/ig-parameter"
    },
    {
      "extension" : [{
        "url" : "code",
        "valueCode" : "propagate-status"
      },
      {
        "url" : "value",
        "valueString" : "true"
      }],
      "url" : "http://hl7.org/fhir/tools/StructureDefinition/ig-parameter"
    },
    {
      "extension" : [{
        "url" : "code",
        "valueCode" : "excludelogbinaryformat"
      },
      {
        "url" : "value",
        "valueString" : "true"
      }],
      "url" : "http://hl7.org/fhir/tools/StructureDefinition/ig-parameter"
    },
    {
      "extension" : [{
        "url" : "code",
        "valueCode" : "tabbed-snapshots"
      },
      {
        "url" : "value",
        "valueString" : "true"
      }],
      "url" : "http://hl7.org/fhir/tools/StructureDefinition/ig-parameter"
    }],
    "resource" : [{
      "extension" : [{
        "url" : "http://hl7.org/fhir/tools/StructureDefinition/resource-information",
        "valueString" : "TestScript"
      }],
      "reference" : {
        "reference" : "TestScript/hospitalnotification-PF-send-emer-01"
      },
      "name" : "HospitalNotification_TestScript_PF-send-emer-01",
      "description" : "Testing correct use of send HospitalNotification",
      "exampleBoolean" : true
    },
    {
      "extension" : [{
        "url" : "http://hl7.org/fhir/tools/StructureDefinition/resource-information",
        "valueString" : "TestScript"
      }],
      "reference" : {
        "reference" : "TestScript/hospitalnotification-PF-send-emer-02"
      },
      "name" : "HospitalNotification_TestScript_PF-send-emer-02",
      "description" : "Testing correct use of send HospitalNotification",
      "exampleBoolean" : true
    },
    {
      "extension" : [{
        "url" : "http://hl7.org/fhir/tools/StructureDefinition/resource-information",
        "valueString" : "TestScript"
      }],
      "reference" : {
        "reference" : "TestScript/hospitalnotification-PF-send-emer-imp-01"
      },
      "name" : "HospitalNotification_TestScript_PF-send-emer-imp-01",
      "description" : "Testing correct use of send HospitalNotification",
      "exampleBoolean" : true
    },
    {
      "extension" : [{
        "url" : "http://hl7.org/fhir/tools/StructureDefinition/resource-information",
        "valueString" : "TestScript"
      }],
      "reference" : {
        "reference" : "TestScript/hospitalnotification-PF-send-imp-01"
      },
      "name" : "HospitalNotification_TestScript_PF-send-imp-01",
      "description" : "Testing correct use of send HospitalNotification",
      "exampleBoolean" : true
    },
    {
      "extension" : [{
        "url" : "http://hl7.org/fhir/tools/StructureDefinition/resource-information",
        "valueString" : "TestScript"
      }],
      "reference" : {
        "reference" : "TestScript/hospitalnotification-PF-send-imp-02"
      },
      "name" : "HospitalNotification_TestScript_PF-send-imp-02",
      "description" : "Testing correct use of send HospitalNotification",
      "exampleBoolean" : true
    },
    {
      "extension" : [{
        "url" : "http://hl7.org/fhir/tools/StructureDefinition/resource-information",
        "valueString" : "TestScript"
      }],
      "reference" : {
        "reference" : "TestScript/hospitalnotification-PF-send-imp-03"
      },
      "name" : "HospitalNotification_TestScript_PF-send-imp-03",
      "description" : "Testing correct use of send HospitalNotification - deceased",
      "exampleBoolean" : true
    },
    {
      "extension" : [{
        "url" : "http://hl7.org/fhir/tools/StructureDefinition/resource-information",
        "valueString" : "TestScript"
      }],
      "reference" : {
        "reference" : "TestScript/hospitalnotification-PF-send-imp-04"
      },
      "name" : "HospitalNotification_TestScript_PF-send-imp-04",
      "description" : "Testing correct use of send HospitalNotification",
      "exampleBoolean" : true
    },
    {
      "extension" : [{
        "url" : "http://hl7.org/fhir/tools/StructureDefinition/resource-information",
        "valueString" : "TestScript"
      }],
      "reference" : {
        "reference" : "TestScript/hospitalnotification-PF-send-imp-05"
      },
      "name" : "HospitalNotification_TestScript_PF-send-imp-05",
      "description" : "Testing correct use of send HospitalNotification",
      "exampleBoolean" : true
    },
    {
      "extension" : [{
        "url" : "http://hl7.org/fhir/tools/StructureDefinition/resource-information",
        "valueString" : "TestScript"
      }],
      "reference" : {
        "reference" : "TestScript/hospitalnotification-PF-send-imp-06"
      },
      "name" : "HospitalNotification_TestScript_PF-send-imp-06",
      "description" : "Testing correct use of send HospitalNotification",
      "exampleBoolean" : true
    },
    {
      "extension" : [{
        "url" : "http://hl7.org/fhir/tools/StructureDefinition/resource-information",
        "valueString" : "TestScript"
      }],
      "reference" : {
        "reference" : "TestScript/hospitalnotification-PF-send-tec-01"
      },
      "name" : "HospitalNotification_TestScript_PF-send-tec-01",
      "description" : "Testing correct use of send HospitalNotification",
      "exampleBoolean" : true
    },
    {
      "extension" : [{
        "url" : "http://hl7.org/fhir/tools/StructureDefinition/resource-information",
        "valueString" : "TestScript"
      }],
      "reference" : {
        "reference" : "TestScript/hospitalnotification-PF-send-tec-03"
      },
      "name" : "HospitalNotification_TestScript_PF-send-tec-03",
      "description" : "Testing correct use of send HospitalNotification",
      "exampleBoolean" : true
    },
    {
      "extension" : [{
        "url" : "http://hl7.org/fhir/tools/StructureDefinition/resource-information",
        "valueString" : "TestScript"
      }],
      "reference" : {
        "reference" : "TestScript/hospitalnotification-send-an-mors"
      },
      "name" : "HospitalNotification_TestScript_AN_MORS",
      "description" : "Testing correct use of cancellation of deceased inpatient before arrival at the hospital - deceased",
      "exampleBoolean" : true
    },
    {
      "extension" : [{
        "url" : "http://hl7.org/fhir/tools/StructureDefinition/resource-information",
        "valueString" : "TestScript"
      }],
      "reference" : {
        "reference" : "TestScript/hospitalnotification-send-an-mors-emer"
      },
      "name" : "HospitalNotification_TestScript_AN_MORS-emer",
      "description" : "Testing correct use of cancellation of End hospital Stay - deceased",
      "exampleBoolean" : true
    },
    {
      "extension" : [{
        "url" : "http://hl7.org/fhir/tools/StructureDefinition/resource-information",
        "valueString" : "TestScript"
      }],
      "reference" : {
        "reference" : "TestScript/hospitalnotification-send-an-mors-imp"
      },
      "name" : "HospitalNotification_TestScript_AN_MORS-IMP",
      "description" : "Testing correct use of cancellation of End hospital Stay - deceased",
      "exampleBoolean" : true
    },
    {
      "extension" : [{
        "url" : "http://hl7.org/fhir/tools/StructureDefinition/resource-information",
        "valueString" : "TestScript"
      }],
      "reference" : {
        "reference" : "TestScript/hospitalnotification-send-an-mors-stor"
      },
      "name" : "HospitalNotification_TestScript_AN_MORS-STOR",
      "description" : "Testing correct use of cancellation of deceased during a period of leave - deceased",
      "exampleBoolean" : true
    },
    {
      "extension" : [{
        "url" : "http://hl7.org/fhir/tools/StructureDefinition/resource-information",
        "valueString" : "TestScript"
      }],
      "reference" : {
        "reference" : "TestScript/hospitalnotification-send-an-slhj-emer"
      },
      "name" : "HospitalNotification_TestScript_AN_SLHJ-emer",
      "description" : "Testing correct use of cancellation of End hospital Stay",
      "exampleBoolean" : true
    },
    {
      "extension" : [{
        "url" : "http://hl7.org/fhir/tools/StructureDefinition/resource-information",
        "valueString" : "TestScript"
      }],
      "reference" : {
        "reference" : "TestScript/hospitalnotification-send-an-slhj-imp"
      },
      "name" : "HospitalNotification_TestScript_AN_SLHJ-imp",
      "description" : "Testing correct use of cancellation of End hospital Stay",
      "exampleBoolean" : true
    },
    {
      "extension" : [{
        "url" : "http://hl7.org/fhir/tools/StructureDefinition/resource-information",
        "valueString" : "TestScript"
      }],
      "reference" : {
        "reference" : "TestScript/hospitalnotification-send-an-slor"
      },
      "name" : "HospitalNotification_TestScript_AN_SLOR",
      "description" : "Testing correct use of cancellation of end leave",
      "exampleBoolean" : true
    },
    {
      "extension" : [{
        "url" : "http://hl7.org/fhir/tools/StructureDefinition/resource-information",
        "valueString" : "TestScript"
      }],
      "reference" : {
        "reference" : "TestScript/hospitalnotification-send-an-staa"
      },
      "name" : "HospitalNotification_TestScript_AN_STAA",
      "description" : "Testing correct use of cancellation of start acute ambulant",
      "exampleBoolean" : true
    },
    {
      "extension" : [{
        "url" : "http://hl7.org/fhir/tools/StructureDefinition/resource-information",
        "valueString" : "TestScript"
      }],
      "reference" : {
        "reference" : "TestScript/hospitalnotification-send-an-stin"
      },
      "name" : "HospitalNotification_TestScript_AN_STIN",
      "description" : "Testing correct use of cancellation of start hospital stay admission",
      "exampleBoolean" : true
    },
    {
      "extension" : [{
        "url" : "http://hl7.org/fhir/tools/StructureDefinition/resource-information",
        "valueString" : "TestScript"
      }],
      "reference" : {
        "reference" : "TestScript/hospitalnotification-send-an-stor"
      },
      "name" : "HospitalNotification_TestScript_AN_STOR",
      "description" : "Testing correct use of cancellation of start leave",
      "exampleBoolean" : true
    },
    {
      "extension" : [{
        "url" : "http://hl7.org/fhir/tools/StructureDefinition/resource-information",
        "valueString" : "TestScript"
      }],
      "reference" : {
        "reference" : "TestScript/hospitalnotification-send-mors"
      },
      "name" : "HospitalNotification_TestScript_MORS",
      "description" : "Testing correct use of status inpatient",
      "exampleBoolean" : true
    },
    {
      "extension" : [{
        "url" : "http://hl7.org/fhir/tools/StructureDefinition/resource-information",
        "valueString" : "TestScript"
      }],
      "reference" : {
        "reference" : "TestScript/hospitalnotification-send-mors-emer"
      },
      "name" : "HospitalNotification_TestScript_MORS-EMER",
      "description" : "Testing correct use of End hospital Stay-deseased",
      "exampleBoolean" : true
    },
    {
      "extension" : [{
        "url" : "http://hl7.org/fhir/tools/StructureDefinition/resource-information",
        "valueString" : "TestScript"
      }],
      "reference" : {
        "reference" : "TestScript/hospitalnotification-send-mors-imp"
      },
      "name" : "HospitalNotification_TestScript_MORS-IMP",
      "description" : "Testing correct use of End hospital Stay - deseased",
      "exampleBoolean" : true
    },
    {
      "extension" : [{
        "url" : "http://hl7.org/fhir/tools/StructureDefinition/resource-information",
        "valueString" : "TestScript"
      }],
      "reference" : {
        "reference" : "TestScript/hospitalnotification-send-mors-stor"
      },
      "name" : "HospitalNotification_TestScript_MORS-STOR",
      "description" : "Testing correct use of End hospital Stay - deseased",
      "exampleBoolean" : true
    },
    {
      "extension" : [{
        "url" : "http://hl7.org/fhir/tools/StructureDefinition/resource-information",
        "valueString" : "TestScript"
      }],
      "reference" : {
        "reference" : "TestScript/hospitalnotification-send-re-mors"
      },
      "name" : "HospitalNotification_TestScript_RE-MORS",
      "description" : "Testing correct use of update of deceased inpatient before arrival at the hospital - deceased",
      "exampleBoolean" : true
    },
    {
      "extension" : [{
        "url" : "http://hl7.org/fhir/tools/StructureDefinition/resource-information",
        "valueString" : "TestScript"
      }],
      "reference" : {
        "reference" : "TestScript/hospitalnotification-send-re-mors-emer"
      },
      "name" : "HospitalNotification_TestScript_RE-MORS-emer",
      "description" : "Testing correct use of Update End hospital Stay - deceased",
      "exampleBoolean" : true
    },
    {
      "extension" : [{
        "url" : "http://hl7.org/fhir/tools/StructureDefinition/resource-information",
        "valueString" : "TestScript"
      }],
      "reference" : {
        "reference" : "TestScript/hospitalnotification-send-re-mors-imp"
      },
      "name" : "HospitalNotification_TestScript_RE-MORS-IMP",
      "description" : "Testing correct use of Update End hospital Stay - deceased",
      "exampleBoolean" : true
    },
    {
      "extension" : [{
        "url" : "http://hl7.org/fhir/tools/StructureDefinition/resource-information",
        "valueString" : "TestScript"
      }],
      "reference" : {
        "reference" : "TestScript/hospitalnotification-send-re-mors-stor"
      },
      "name" : "HospitalNotification_TestScript_RE-MORS-STOR",
      "description" : "Testing correct use of Update End hospital Stay - deceased",
      "exampleBoolean" : true
    },
    {
      "extension" : [{
        "url" : "http://hl7.org/fhir/tools/StructureDefinition/resource-information",
        "valueString" : "TestScript"
      }],
      "reference" : {
        "reference" : "TestScript/hospitalnotification-send-re-slhj-emer"
      },
      "name" : "HospitalNotification_TestScript_RE_SLHJ-emer",
      "description" : "Testing correct use of Update End hospital Stay",
      "exampleBoolean" : true
    },
    {
      "extension" : [{
        "url" : "http://hl7.org/fhir/tools/StructureDefinition/resource-information",
        "valueString" : "TestScript"
      }],
      "reference" : {
        "reference" : "TestScript/hospitalnotification-send-re-slhj-imp"
      },
      "name" : "HospitalNotification_TestScript_RE_SLHJ-imp",
      "description" : "Testing correct use of Update End hospital Stay",
      "exampleBoolean" : true
    },
    {
      "extension" : [{
        "url" : "http://hl7.org/fhir/tools/StructureDefinition/resource-information",
        "valueString" : "TestScript"
      }],
      "reference" : {
        "reference" : "TestScript/hospitalnotification-send-re-slor"
      },
      "name" : "HospitalNotification_TestScript_RE_SLOR",
      "description" : "Testing correct use of Update end leave",
      "exampleBoolean" : true
    },
    {
      "extension" : [{
        "url" : "http://hl7.org/fhir/tools/StructureDefinition/resource-information",
        "valueString" : "TestScript"
      }],
      "reference" : {
        "reference" : "TestScript/hospitalnotification-send-re-staa"
      },
      "name" : "HospitalNotification_TestScript_RE_STAA",
      "description" : "Testing correct use of status stay-acute ambulant",
      "exampleBoolean" : true
    },
    {
      "extension" : [{
        "url" : "http://hl7.org/fhir/tools/StructureDefinition/resource-information",
        "valueString" : "TestScript"
      }],
      "reference" : {
        "reference" : "TestScript/hospitalnotification-send-re-stin"
      },
      "name" : "HospitalNotification_TestScript_RE_STIN",
      "description" : "Testing correct use of status Update Start hospital stay - admitted",
      "exampleBoolean" : true
    },
    {
      "extension" : [{
        "url" : "http://hl7.org/fhir/tools/StructureDefinition/resource-information",
        "valueString" : "TestScript"
      }],
      "reference" : {
        "reference" : "TestScript/hospitalnotification-send-re-stor"
      },
      "name" : "HospitalNotification_TestScript_RE_STOR",
      "description" : "Testing correct use of Update Start leave",
      "exampleBoolean" : true
    },
    {
      "extension" : [{
        "url" : "http://hl7.org/fhir/tools/StructureDefinition/resource-information",
        "valueString" : "TestScript"
      }],
      "reference" : {
        "reference" : "TestScript/hospitalnotification-send-slhj-emer"
      },
      "name" : "HospitalNotification_TestScript_SLHJ-EMER",
      "description" : "Testing correct use of End hospital Stay - patient discharged to home/primary sector",
      "exampleBoolean" : true
    },
    {
      "extension" : [{
        "url" : "http://hl7.org/fhir/tools/StructureDefinition/resource-information",
        "valueString" : "TestScript"
      }],
      "reference" : {
        "reference" : "TestScript/hospitalnotification-send-slhj-imp"
      },
      "name" : "HospitalNotification_TestScript_SLHJ-imp",
      "description" : "Testing correct use of End hospital Stay- patient discharged to home/primary sector",
      "exampleBoolean" : true
    },
    {
      "extension" : [{
        "url" : "http://hl7.org/fhir/tools/StructureDefinition/resource-information",
        "valueString" : "TestScript"
      }],
      "reference" : {
        "reference" : "TestScript/hospitalnotification-send-slhj-imp-timestamptest"
      },
      "name" : "HospitalNotification_TestScript_SLHJ-imp-timestamptest",
      "description" : "Testing correct use of End hospital Stay- patient discharged to home/primary sector",
      "exampleBoolean" : true
    },
    {
      "extension" : [{
        "url" : "http://hl7.org/fhir/tools/StructureDefinition/resource-information",
        "valueString" : "TestScript"
      }],
      "reference" : {
        "reference" : "TestScript/hospitalnotification-send-slor"
      },
      "name" : "HospitalNotification_TestScript_SLOR",
      "description" : "Testing correct use of status End leave",
      "exampleBoolean" : true
    },
    {
      "extension" : [{
        "url" : "http://hl7.org/fhir/tools/StructureDefinition/resource-information",
        "valueString" : "TestScript"
      }],
      "reference" : {
        "reference" : "TestScript/hospitalnotification-send-staa"
      },
      "name" : "HospitalNotification_TestScript_STAA",
      "description" : "Testing correct use of status acute-ambulant",
      "exampleBoolean" : true
    },
    {
      "extension" : [{
        "url" : "http://hl7.org/fhir/tools/StructureDefinition/resource-information",
        "valueString" : "TestScript"
      }],
      "reference" : {
        "reference" : "TestScript/hospitalnotification-send-stin"
      },
      "name" : "HospitalNotification_TestScript_STIN",
      "description" : "Testing correct use of status inpatient",
      "exampleBoolean" : true
    },
    {
      "extension" : [{
        "url" : "http://hl7.org/fhir/tools/StructureDefinition/resource-information",
        "valueString" : "TestScript"
      }],
      "reference" : {
        "reference" : "TestScript/hospitalnotification-send-stin-a1"
      },
      "name" : "HospitalNotification_TestScript_STIN-A1",
      "description" : "Testing correct use of status inpatient",
      "exampleBoolean" : true
    },
    {
      "extension" : [{
        "url" : "http://hl7.org/fhir/tools/StructureDefinition/resource-information",
        "valueString" : "TestScript"
      }],
      "reference" : {
        "reference" : "TestScript/hospitalnotification-send-stor"
      },
      "name" : "HospitalNotification_TestScript_STOR",
      "description" : "Testing correct use of status Start leave",
      "exampleBoolean" : true
    }],
    "page" : {
      "extension" : [{
        "url" : "http://hl7.org/fhir/tools/StructureDefinition/ig-page-name",
        "valueUrl" : "toc.html"
      }],
      "nameUrl" : "toc.html",
      "title" : "Table of Contents",
      "generation" : "html",
      "page" : [{
        "extension" : [{
          "url" : "http://hl7.org/fhir/tools/StructureDefinition/ig-page-name",
          "valueUrl" : "index.html"
        }],
        "nameUrl" : "index.html",
        "title" : "Home",
        "generation" : "markdown"
      }]
    },
    "parameter" : [{
      "code" : "path-resource",
      "value" : "input/capabilities"
    },
    {
      "code" : "path-resource",
      "value" : "input/examples"
    },
    {
      "code" : "path-resource",
      "value" : "input/extensions"
    },
    {
      "code" : "path-resource",
      "value" : "input/models"
    },
    {
      "code" : "path-resource",
      "value" : "input/operations"
    },
    {
      "code" : "path-resource",
      "value" : "input/profiles"
    },
    {
      "code" : "path-resource",
      "value" : "input/resources"
    },
    {
      "code" : "path-resource",
      "value" : "input/vocabulary"
    },
    {
      "code" : "path-resource",
      "value" : "input/maps"
    },
    {
      "code" : "path-resource",
      "value" : "input/testing"
    },
    {
      "code" : "path-resource",
      "value" : "input/history"
    },
    {
      "code" : "path-resource",
      "value" : "fsh-generated/resources"
    },
    {
      "code" : "path-pages",
      "value" : "template/config"
    },
    {
      "code" : "path-pages",
      "value" : "input/images"
    },
    {
      "code" : "path-tx-cache",
      "value" : "input-cache/txcache"
    }]
  }
}