{
  "resourceType" : "TestScript",
  "id" : "hospitalnotification-PF-receive-tec-06",
  "meta" : {
    "profile" : ["http://touchstone.aegis.net/touchstone/fhir/testing/StructureDefinition/testscript"]
  },
  "text" : {
    "status" : "generated",
    "div" : "<div xmlns=\"http://www.w3.org/1999/xhtml\"><p><b>Generated Narrative: TestScript</b><a name=\"hospitalnotification-PF-receive-tec-06\"> </a></p><div style=\"display: inline-block; background-color: #d9e0e7; padding: 6px; margin: 4px; border: 1px solid #8da1b4; border-radius: 5px; line-height: 60%\"><p style=\"margin-bottom: 0px\">Resource TestScript &quot;hospitalnotification-PF-receive-tec-06&quot; </p><p style=\"margin-bottom: 0px\">Profile: <code>http://touchstone.aegis.net/touchstone/fhir/testing/StructureDefinition/testscript</code></p></div><p><b>url</b>: <code>http://medcomfhir.dk/ig/hospitalnotificationtestscript/hospitalnotification-PF-receive-tec-06</code></p><p><b>version</b>: 3.0.1</p><p><b>name</b>: HospitalNotificationTestScript</p><p><b>title</b>: Receive: Receive a message where the serviceprovider is different from the sender: Patient is admitted - PF-receive-tec-06</p><p><b>status</b>: active</p><p><b>date</b>: 2023-07-10</p><p><b>publisher</b>: MedCom</p><p><b>contact</b>: MedCom: <a href=\"mailto:mailto:fhir@medcom.dk\">mailto:fhir@medcom.dk</a></p><p><b>description</b>: Receive: Receive a message where the serviceprovider is different from the sender: Patient is admitted</p><p><b>copyright</b>: MedCom 2021</p><h3>Origins</h3><table class=\"grid\"><tr><td>-</td><td><b>Index</b></td><td><b>Profile</b></td></tr><tr><td>*</td><td>1</td><td>FHIR Client (Details: http://terminology.hl7.org/CodeSystem/testscript-profile-origin-types code FHIR-Client = 'FHIR Client', stated as 'null')</td></tr></table><h3>Destinations</h3><table class=\"grid\"><tr><td>-</td><td><b>Index</b></td><td><b>Profile</b></td></tr><tr><td>*</td><td>1</td><td>FHIR Server (Details: http://terminology.hl7.org/CodeSystem/testscript-profile-destination-types code FHIR-Server = 'FHIR Server', stated as 'null')</td></tr></table><blockquote><p><b>fixture</b></p><blockquote><p><b>id</b></p>create-STIN-01</blockquote><p><b>autocreate</b>: false</p><p><b>autodelete</b>: false</p><p><b>resource</b>: <a href=\"/FHIRSandbox/MedCom/HospitalNotification/v300/Receive/Fixtures/HospitalNotification-fixture-STIN-diffServiceProvider.xml\">/FHIRSandbox/MedCom/HospitalNotification/v300/Receive/Fixtures/HospitalNotification-fixture-STIN-diffServiceProvider.xml</a></p></blockquote><p><b>profile</b>: <a href=\"http://medcomfhir.dk/ig/hospitalnotification/StructureDefinition/medcom-hospitalNotification-message\">http://medcomfhir.dk/ig/hospitalnotification/StructureDefinition/medcom-hospitalNotification-message</a> &quot;MedComHospitalNotificationMessage&quot;</p><blockquote><p><b>variable</b></p><p><b>name</b>: destinationUri-STIN</p><p><b>expression</b>: Bundle.entry.resource.ofType(MessageHeader).destination.endpoint</p><p><b>sourceId</b>: create-STIN-01</p></blockquote><blockquote><p><b>variable</b></p><p><b>name</b>: bundleid-STIN</p><p><b>expression</b>: Bundle.entry.resource.ofType(MessageHeader).id</p><p><b>sourceId</b>: create-STIN-01</p></blockquote><blockquote><p><b>setup</b></p><blockquote><p><b>action</b></p><h3>Operations</h3><table class=\"grid\"><tr><td>-</td><td><b>Type</b></td><td><b>Resource</b></td><td><b>Description</b></td><td><b>Accept</b></td><td><b>EncodeRequestUrl</b></td><td><b>Params</b></td></tr><tr><td>*</td><td>Delete (Details: http://terminology.hl7.org/CodeSystem/testscript-operation-codes code delete = 'Delete', stated as 'null')</td><td>Bundle</td><td>System-generated search and delete operations from conditional delete on Bundle MessageHeader.destination.endpoint</td><td>xml</td><td>true</td><td>?message.destination-uri=${destinationUri-STIN}</td></tr></table></blockquote><blockquote><p><b>action</b></p><h3>Operations</h3><table class=\"grid\"><tr><td>-</td><td><b>Type</b></td><td><b>Resource</b></td><td><b>Description</b></td><td><b>Accept</b></td><td><b>ContentType</b></td><td><b>EncodeRequestUrl</b></td><td><b>SourceId</b></td></tr><tr><td>*</td><td>Create (Details: http://terminology.hl7.org/CodeSystem/testscript-operation-codes code create = 'Create', stated as 'null')</td><td>Bundle</td><td>Create the Bundle resource in XML format on the destination server.</td><td>xml</td><td>xml</td><td>true</td><td>create-STIN-01</td></tr></table></blockquote><blockquote><p><b>action</b></p><h3>Asserts</h3><table class=\"grid\"><tr><td>-</td><td><b>Description</b></td><td><b>Direction</b></td><td><b>Operator</b></td><td><b>ResponseCode</b></td><td><b>WarningOnly</b></td></tr><tr><td>*</td><td>Confirm that the returned HTTP status is okay or created.</td><td>response</td><td>in</td><td>200,201</td><td>false</td></tr></table></blockquote></blockquote><blockquote><p><b>test</b></p><blockquote><p><b>id</b></p>hospitalnotification-read-STIN-01</blockquote><p><b>name</b>: Get a HospitalNotification STIN Message 01</p><p><b>description</b>: GET a Hospital notification. The expected response is a 200(OK) with a payload of the Hospital notification resource in XML format.</p><blockquote><p><b>action</b></p><h3>Operations</h3><table class=\"grid\"><tr><td>-</td><td><b>Type</b></td><td><b>Resource</b></td><td><b>Description</b></td><td><b>Accept</b></td><td><b>Destination</b></td><td><b>EncodeRequestUrl</b></td><td><b>Origin</b></td><td><b>Params</b></td></tr><tr><td>*</td><td>Read (Details: http://terminology.hl7.org/CodeSystem/testscript-operation-codes code read = 'Read', stated as 'null')</td><td>Bundle</td><td>Receive Hospital Notification</td><td>xml</td><td>1</td><td>true</td><td>1</td><td>?message.destination-uri=${destinationUri-STIN}&amp;amp;member._id=${bundleid-STIN}</td></tr></table></blockquote><blockquote><p><b>action</b></p><h3>Asserts</h3><table class=\"grid\"><tr><td>-</td><td><b>Description</b></td><td><b>Direction</b></td><td><b>Operator</b></td><td><b>ResponseCode</b></td><td><b>WarningOnly</b></td></tr><tr><td>*</td><td>Confirm that the returned HTTP status is okay or created.</td><td>response</td><td>in</td><td>200,201</td><td>false</td></tr></table></blockquote></blockquote></div>"
  },
  "url" : "http://medcomfhir.dk/ig/hospitalnotificationtestscript/hospitalnotification-PF-receive-tec-06",
  "version" : "3.0.1",
  "name" : "HospitalNotificationTestScript",
  "title" : "Receive: Receive a message where the serviceprovider is different from the sender: Patient is admitted - PF-receive-tec-06",
  "status" : "active",
  "date" : "2023-07-10",
  "publisher" : "MedCom",
  "contact" : [{
    "name" : "MedCom",
    "telecom" : [{
      "system" : "email",
      "value" : "mailto:fhir@medcom.dk"
    }]
  }],
  "description" : "Receive: Receive a message where the serviceprovider is different from the sender: Patient is admitted",
  "copyright" : "MedCom 2021",
  "origin" : [{
    "index" : 1,
    "profile" : {
      "system" : "http://terminology.hl7.org/CodeSystem/testscript-profile-origin-types",
      "code" : "FHIR-Client"
    }
  }],
  "destination" : [{
    "index" : 1,
    "profile" : {
      "system" : "http://terminology.hl7.org/CodeSystem/testscript-profile-destination-types",
      "code" : "FHIR-Server"
    }
  }],
  "fixture" : [{
    "id" : "create-STIN-01",
    "autocreate" : false,
    "autodelete" : false,
    "resource" : {
      "reference" : "/FHIRSandbox/MedCom/HospitalNotification/v300/Receive/Fixtures/HospitalNotification-fixture-STIN-diffServiceProvider.xml"
    }
  }],
  "profile" : [{
    "id" : "hospitalnotification",
    "reference" : "http://medcomfhir.dk/ig/hospitalnotification/StructureDefinition/medcom-hospitalNotification-message"
  }],
  "variable" : [{
    "name" : "destinationUri-STIN",
    "expression" : "Bundle.entry.resource.ofType(MessageHeader).destination.endpoint",
    "sourceId" : "create-STIN-01"
  },
  {
    "name" : "bundleid-STIN",
    "expression" : "Bundle.entry.resource.ofType(MessageHeader).id",
    "sourceId" : "create-STIN-01"
  }],
  "setup" : {
    "action" : [{
      "operation" : {
        "type" : {
          "system" : "http://terminology.hl7.org/CodeSystem/testscript-operation-codes",
          "code" : "delete"
        },
        "resource" : "Bundle",
        "description" : "System-generated search and delete operations from conditional delete on Bundle MessageHeader.destination.endpoint",
        "accept" : "xml",
        "encodeRequestUrl" : true,
        "params" : "?message.destination-uri=${destinationUri-STIN}"
      }
    },
    {
      "operation" : {
        "type" : {
          "system" : "http://terminology.hl7.org/CodeSystem/testscript-operation-codes",
          "code" : "create"
        },
        "resource" : "Bundle",
        "description" : "Create the Bundle resource in XML format on the destination server.",
        "accept" : "xml",
        "contentType" : "xml",
        "encodeRequestUrl" : true,
        "sourceId" : "create-STIN-01"
      }
    },
    {
      "assert" : {
        "description" : "Confirm that the returned HTTP status is okay or created.",
        "direction" : "response",
        "operator" : "in",
        "responseCode" : "200,201",
        "warningOnly" : false
      }
    }]
  },
  "test" : [{
    "id" : "hospitalnotification-read-STIN-01",
    "name" : "Get a HospitalNotification STIN Message 01",
    "description" : "GET a Hospital notification. The expected response is a 200(OK) with a payload of the Hospital notification resource in XML format.",
    "action" : [{
      "operation" : {
        "type" : {
          "system" : "http://terminology.hl7.org/CodeSystem/testscript-operation-codes",
          "code" : "read"
        },
        "resource" : "Bundle",
        "description" : "Receive Hospital Notification",
        "accept" : "xml",
        "destination" : 1,
        "encodeRequestUrl" : true,
        "origin" : 1,
        "params" : "?message.destination-uri=${destinationUri-STIN}&amp;member._id=${bundleid-STIN}"
      }
    },
    {
      "assert" : {
        "description" : "Confirm that the returned HTTP status is okay or created.",
        "direction" : "response",
        "operator" : "in",
        "responseCode" : "200,201",
        "warningOnly" : false
      }
    }]
  }]
}