<?xml version="1.0" encoding="UTF-8"?>

<TestScript xmlns="http://hl7.org/fhir">
  <id value="hospitalnotification-PF-send-emer-02"/>
  <meta>
    <profile value="http://touchstone.aegis.net/touchstone/fhir/testing/StructureDefinition/testscript"/>
  </meta>
  <text>
    <status value="generated"/><div xmlns="http://www.w3.org/1999/xhtml"><p><b>Generated Narrative: TestScript</b><a name="hospitalnotification-PF-send-emer-02"> </a></p><div style="display: inline-block; background-color: #d9e0e7; padding: 6px; margin: 4px; border: 1px solid #8da1b4; border-radius: 5px; line-height: 60%"><p style="margin-bottom: 0px">Resource TestScript &quot;hospitalnotification-PF-send-emer-02&quot; </p><p style="margin-bottom: 0px">Profile: <code>http://touchstone.aegis.net/touchstone/fhir/testing/StructureDefinition/testscript</code></p></div><p><b>url</b>: <code>http://medcomfhir.dk/ig/hospitalnotificationtestscript/hospitalnotification-PF-send-emer-02</code></p><p><b>version</b>: 3.0.2</p><p><b>name</b>: HospitalNotificationTestScript</p><p><b>title</b>: Send: Register patient as acute ambulant, correct message due to incorrect time of admission - PF-send-emer-02</p><p><b>status</b>: active</p><p><b>date</b>: 2023-08-14</p><p><b>publisher</b>: MedCom</p><p><b>contact</b>: MedCom: <a href="mailto:mailto:fhir@medcom.dk">mailto:fhir@medcom.dk</a></p><p><b>description</b>: Send: Register patient as acute ambulant, correct message due to incorrect time of admission.</p><p><b>copyright</b>: MedCom 2021</p><h3>Origins</h3><table class="grid"><tr><td style="display: none">-</td><td><b>Index</b></td><td><b>Profile</b></td></tr><tr><td style="display: none">*</td><td>1</td><td>FHIR Client (Details: http://terminology.hl7.org/CodeSystem/testscript-profile-origin-types code FHIR-Client = 'FHIR Client', stated as 'null')</td></tr></table><h3>Destinations</h3><table class="grid"><tr><td style="display: none">-</td><td><b>Index</b></td><td><b>Profile</b></td></tr><tr><td style="display: none">*</td><td>1</td><td>FHIR Server (Details: http://terminology.hl7.org/CodeSystem/testscript-profile-destination-types code FHIR-Server = 'FHIR Server', stated as 'null')</td></tr></table><blockquote><p><b>fixture</b></p><blockquote><p><b>id</b></p>create-STAA-01</blockquote><p><b>autocreate</b>: false</p><p><b>autodelete</b>: false</p><p><b>resource</b>: <a href="/FHIRSandbox/MedCom/HospitalNotification/v300-send/Fixtures/HospitalNotification-fixture.xml">/FHIRSandbox/MedCom/HospitalNotification/v300-send/Fixtures/HospitalNotification-fixture.xml</a></p></blockquote><blockquote><p><b>fixture</b></p><blockquote><p><b>id</b></p>create-RE-STAA-02</blockquote><p><b>autocreate</b>: false</p><p><b>autodelete</b>: false</p><p><b>resource</b>: <a href="/FHIRSandbox/MedCom/HospitalNotification/v300-send/Fixtures/HospitalNotification-fixture.xml">/FHIRSandbox/MedCom/HospitalNotification/v300-send/Fixtures/HospitalNotification-fixture.xml</a></p></blockquote><p><b>profile</b>: <a href="http://medcomfhir.dk/ig/hospitalnotification/StructureDefinition/medcom-hospitalNotification-message">http://medcomfhir.dk/ig/hospitalnotification/StructureDefinition/medcom-hospitalNotification-message</a> &quot;MedComHospitalNotificationMessage&quot;</p><blockquote><p><b>variable</b></p><p><b>name</b>: messageHeaderid-STAA</p><p><b>expression</b>: Bundle.entry[0].resource.id</p><p><b>sourceId</b>: create-message-STAA</p></blockquote><blockquote><p><b>variable</b></p><p><b>name</b>: episodeOfCareID-STAA</p><p><b>expression</b>: Bundle.entry.resource.ofType(Encounter).episodeOfCare.identifier.value</p><p><b>sourceId</b>: create-message-STAA</p></blockquote><blockquote><p><b>variable</b></p><p><b>name</b>: searchParamIdentifier-STAA</p><p><b>expression</b>: Bundle.entry.resource.ofType(MessageHeader).id</p><p><b>sourceId</b>: create-message-STAA</p></blockquote><blockquote><p><b>variable</b></p><p><b>name</b>: encounterDateTime-STAA</p><p><b>expression</b>: Bundle.entry.resource.ofType(Encounter).period.start</p><p><b>sourceId</b>: create-message-STAA</p></blockquote><blockquote><p><b>variable</b></p><p><b>name</b>: messageHeaderid-RE-STAA</p><p><b>expression</b>: Bundle.entry[0].resource.id</p><p><b>sourceId</b>: create-message-RE-STAA</p></blockquote><blockquote><p><b>variable</b></p><p><b>name</b>: episodeOfCareID-RE-STAA</p><p><b>expression</b>: Bundle.entry.resource.ofType(Encounter).episodeOfCare.identifier.value</p><p><b>sourceId</b>: create-message-RE-STAA</p></blockquote><blockquote><p><b>test</b></p><blockquote><p><b>id</b></p>hospitalnotification-create-STAA-01</blockquote><p><b>name</b>: Create a HospitalNotification STAA Message 01</p><p><b>description</b>: Post HospitalNotification to the server.</p><blockquote><p><b>action</b></p><h3>Operations</h3><table class="grid"><tr><td style="display: none">-</td><td><b>Type</b></td><td><b>Resource</b></td><td><b>Description</b></td><td><b>Destination</b></td><td><b>EncodeRequestUrl</b></td><td><b>Origin</b></td><td><b>ResponseId</b></td><td><b>SourceId</b></td></tr><tr><td style="display: none">*</td><td>Create (Details: http://terminology.hl7.org/CodeSystem/testscript-operation-codes code create = 'Create', stated as 'null')</td><td>Bundle</td><td>Post a Hospitalnotification</td><td>1</td><td>true</td><td>1</td><td>create-message-STAA</td><td>create-STAA-01</td></tr></table></blockquote><blockquote><p><b>action</b></p><h3>Asserts</h3><table class="grid"><tr><td style="display: none">-</td><td><b>Description</b></td><td><b>Direction</b></td><td><b>Operator</b></td><td><b>ResponseCode</b></td><td><b>WarningOnly</b></td></tr><tr><td style="display: none">*</td><td>Confirm that the returned HTTP status is okay or created.</td><td>response</td><td>in</td><td>200,201</td><td>false</td></tr></table></blockquote><blockquote><p><b>action</b></p><h3>Asserts</h3><table class="grid"><tr><td style="display: none">-</td><td><b>Description</b></td><td><b>Direction</b></td><td><b>Resource</b></td><td><b>WarningOnly</b></td></tr><tr><td style="display: none">*</td><td>Confirm that the client request payload contains a Bundle resource type.</td><td>request</td><td>Bundle</td><td>false</td></tr></table></blockquote><blockquote><p><b>action</b></p><h3>Asserts</h3><table class="grid"><tr><td style="display: none">-</td><td><b>Description</b></td><td><b>Direction</b></td><td><b>ValidateProfileId</b></td><td><b>WarningOnly</b></td></tr><tr><td style="display: none">*</td><td>Validates the bundle against http://medcomfhir.dk/ig/hospitalnotification/ImplementationGuide/dk.fhir.ig.dk-medcom-hospitalnotification</td><td>request</td><td>hospitalnotification</td><td>false</td></tr></table></blockquote><blockquote><p><b>action</b></p><h3>Asserts</h3><table class="grid"><tr><td style="display: none">-</td><td><b>Description</b></td><td><b>Direction</b></td><td><b>Expression</b></td><td><b>WarningOnly</b></td></tr><tr><td style="display: none">*</td><td>Confirm that the request resource contains the expected eventCoding.code.</td><td>request</td><td>Bundle.entry.resource.ofType(MessageHeader).event.as(Coding).select(code = 'hospital-notification-message').allTrue()</td><td>false</td></tr></table></blockquote><blockquote><p><b>action</b></p><h3>Asserts</h3><table class="grid"><tr><td style="display: none">-</td><td><b>Description</b></td><td><b>Direction</b></td><td><b>Expression</b></td><td><b>Operator</b></td><td><b>Value</b></td><td><b>WarningOnly</b></td></tr><tr><td style="display: none">*</td><td>Confirm that the Encounter class of the request resource is EMER.</td><td>request</td><td>Bundle.entry.resource.ofType(Encounter).class.code</td><td>equals</td><td>EMER</td><td>false</td></tr></table></blockquote><blockquote><p><b>action</b></p><h3>Asserts</h3><table class="grid"><tr><td style="display: none">-</td><td><b>Description</b></td><td><b>Direction</b></td><td><b>Expression</b></td><td><b>Operator</b></td><td><b>Value</b></td><td><b>WarningOnly</b></td></tr><tr><td style="display: none">*</td><td>Confirm that the Encounter status of the request resource is in-progress.</td><td>request</td><td>Bundle.entry.resource.ofType(Encounter).status</td><td>equals</td><td>in-progress</td><td>false</td></tr></table></blockquote><blockquote><p><b>action</b></p><h3>Asserts</h3><table class="grid"><tr><td style="display: none">-</td><td><b>Description</b></td><td><b>Direction</b></td><td><b>Expression</b></td><td><b>WarningOnly</b></td></tr><tr><td style="display: none">*</td><td>Confirm that the request resource contains the expected activity code.</td><td>request</td><td>Bundle.entry.resource.ofType(Provenance).where(activity.coding.code = 'admit-emergency').exists()</td><td>false</td></tr></table></blockquote><blockquote><p><b>action</b></p><h3>Asserts</h3><table class="grid"><tr><td style="display: none">-</td><td><b>Description</b></td><td><b>Direction</b></td><td><b>Expression</b></td><td><b>Operator</b></td><td><b>Value</b></td><td><b>WarningOnly</b></td></tr><tr><td style="display: none">*</td><td>Confirm that the report of admission flag is true.</td><td>request</td><td>Bundle.entry.resource.ofType(MessageHeader).extension.where(url='http://medcomfhir.dk/ig/hospitalnotification/StructureDefinition/medcom-messaging-reportOfAdmissionExtension').value</td><td>equals</td><td>true</td><td>false</td></tr></table></blockquote><blockquote><p><b>action</b></p><h3>Asserts</h3><table class="grid"><tr><td style="display: none">-</td><td><b>Description</b></td><td><b>Direction</b></td><td><b>Expression</b></td><td><b>WarningOnly</b></td></tr><tr><td style="display: none">*</td><td>Confirm that the target reference in Provenance equals MessageHeader.id</td><td>request</td><td>Bundle.entry.resource.ofType(Provenance).where(target.reference.contains(%resource.entry[0].resource.id)).exists()</td><td>false</td></tr></table></blockquote><blockquote><p><b>action</b></p><h3>Asserts</h3><table class="grid"><tr><td style="display: none">-</td><td><b>Description</b></td><td><b>Direction</b></td><td><b>Expression</b></td><td><b>WarningOnly</b></td></tr><tr><td style="display: none">*</td><td>Confirm that the episodeOfCare-identifier has the structure of an UUID</td><td>request</td><td>Bundle.entry.resource.ofType(Encounter).episodeOfCare.identifier.value.matches('^[0-9(a-f|A-F)]{8}-[0-9(a-f|A-F)]{4}-4[0-9(a-f|A-F)]{3}-[89ab][0-9(a-f|A-F)]{3}-[0-9(a-f|A-F)]{12}$') or Bundle.entry.resource.ofType(Encounter).episodeOfCare.identifier.system = 'https://www.esundhed.dk/Registre/Landspatientregisteret'</td><td>false</td></tr></table></blockquote><blockquote><p><b>action</b></p><h3>Asserts</h3><table class="grid"><tr><td style="display: none">-</td><td><b>Description</b></td><td><b>Direction</b></td><td><b>Expression</b></td><td><b>WarningOnly</b></td></tr><tr><td style="display: none">*</td><td>Confirm that the a receiver of the report of admission exists, when the flag is true, and doesn't exists when the flag is false.</td><td>request</td><td>Bundle.entry.resource.ofType(MessageHeader).extension.where(url='http://medcomfhir.dk/ig/hospitalnotification/StructureDefinition/medcom-messaging-reportOfAdmissionRecipientExtension').exists() = true</td><td>false</td></tr></table></blockquote></blockquote><blockquote><p><b>test</b></p><blockquote><p><b>id</b></p>hospitalnotification-create-RE-STAA-02</blockquote><p><b>name</b>: Create a HospitalNotification RE-STAA Message 02</p><p><b>description</b>: Post HospitalNotification to the server.</p><blockquote><p><b>action</b></p><h3>Operations</h3><table class="grid"><tr><td style="display: none">-</td><td><b>Type</b></td><td><b>Resource</b></td><td><b>Description</b></td><td><b>Destination</b></td><td><b>EncodeRequestUrl</b></td><td><b>Origin</b></td><td><b>ResponseId</b></td><td><b>SourceId</b></td></tr><tr><td style="display: none">*</td><td>Create (Details: http://terminology.hl7.org/CodeSystem/testscript-operation-codes code create = 'Create', stated as 'null')</td><td>Bundle</td><td>Post a Hospitalnotification</td><td>1</td><td>true</td><td>1</td><td>create-message-RE-STAA</td><td>create-RE-STAA-02</td></tr></table></blockquote><blockquote><p><b>action</b></p><h3>Asserts</h3><table class="grid"><tr><td style="display: none">-</td><td><b>Description</b></td><td><b>Direction</b></td><td><b>Operator</b></td><td><b>ResponseCode</b></td><td><b>WarningOnly</b></td></tr><tr><td style="display: none">*</td><td>Confirm that the returned HTTP status is okay or created.</td><td>response</td><td>in</td><td>200,201</td><td>false</td></tr></table></blockquote><blockquote><p><b>action</b></p><h3>Asserts</h3><table class="grid"><tr><td style="display: none">-</td><td><b>Description</b></td><td><b>Direction</b></td><td><b>Resource</b></td><td><b>WarningOnly</b></td></tr><tr><td style="display: none">*</td><td>Confirm that the client request payload contains a Bundle resource type.</td><td>request</td><td>Bundle</td><td>false</td></tr></table></blockquote><blockquote><p><b>action</b></p><h3>Asserts</h3><table class="grid"><tr><td style="display: none">-</td><td><b>Description</b></td><td><b>Direction</b></td><td><b>ValidateProfileId</b></td><td><b>WarningOnly</b></td></tr><tr><td style="display: none">*</td><td>Validates the bundle against http://medcomfhir.dk/ig/hospitalnotification/ImplementationGuide/dk.fhir.ig.dk-medcom-hospitalnotification</td><td>request</td><td>hospitalnotification</td><td>false</td></tr></table></blockquote><blockquote><p><b>action</b></p><h3>Asserts</h3><table class="grid"><tr><td style="display: none">-</td><td><b>Description</b></td><td><b>Direction</b></td><td><b>Expression</b></td><td><b>WarningOnly</b></td></tr><tr><td style="display: none">*</td><td>Confirm that MessageHeader.id from the previous message is contained to Provenance.entity.what.reference</td><td>request</td><td>Bundle.entry.resource.ofType(Provenance).where(entity.what.reference.contains('${messageHeaderid-STAA}')).exists()</td><td>false</td></tr></table></blockquote><blockquote><p><b>action</b></p><h3>Asserts</h3><table class="grid"><tr><td style="display: none">-</td><td><b>Description</b></td><td><b>Direction</b></td><td><b>Expression</b></td><td><b>WarningOnly</b></td></tr><tr><td style="display: none">*</td><td>Confirm that the request resource contains the expected eventCoding.code.</td><td>request</td><td>Bundle.entry.resource.ofType(MessageHeader).event.as(Coding).select(code = 'hospital-notification-message').allTrue()</td><td>false</td></tr></table></blockquote><blockquote><p><b>action</b></p><h3>Asserts</h3><table class="grid"><tr><td style="display: none">-</td><td><b>Description</b></td><td><b>Direction</b></td><td><b>Expression</b></td><td><b>Operator</b></td><td><b>Value</b></td><td><b>WarningOnly</b></td></tr><tr><td style="display: none">*</td><td>Confirm that the role is set to revision. Not used when testing the first message in a stream</td><td>request</td><td>Bundle.entry.resource.ofType(Provenance).where(target.reference.contains(%resource.entry[0].resource.id)).entity.role</td><td>equals</td><td>revision</td><td>false</td></tr></table></blockquote><blockquote><p><b>action</b></p><h3>Asserts</h3><table class="grid"><tr><td style="display: none">-</td><td><b>Description</b></td><td><b>Direction</b></td><td><b>Expression</b></td><td><b>Operator</b></td><td><b>Value</b></td><td><b>WarningOnly</b></td></tr><tr><td style="display: none">*</td><td>Confirm that the Encounter class of the request resource is EMER.</td><td>request</td><td>Bundle.entry.resource.ofType(Encounter).class.code</td><td>equals</td><td>EMER</td><td>false</td></tr></table></blockquote><blockquote><p><b>action</b></p><h3>Asserts</h3><table class="grid"><tr><td style="display: none">-</td><td><b>Description</b></td><td><b>Direction</b></td><td><b>Expression</b></td><td><b>Operator</b></td><td><b>Value</b></td><td><b>WarningOnly</b></td></tr><tr><td style="display: none">*</td><td>Confirm that the Encounter status of the request resource is in-progress.</td><td>request</td><td>Bundle.entry.resource.ofType(Encounter).status</td><td>equals</td><td>in-progress</td><td>false</td></tr></table></blockquote><blockquote><p><b>action</b></p><h3>Asserts</h3><table class="grid"><tr><td style="display: none">-</td><td><b>Description</b></td><td><b>Direction</b></td><td><b>Expression</b></td><td><b>WarningOnly</b></td></tr><tr><td style="display: none">*</td><td>Confirm that the request resource contains the expected activity code.</td><td>request</td><td>Bundle.entry.resource.ofType(Provenance).where(activity.coding.code = 'revise-admit-emergency').exists()</td><td>false</td></tr></table></blockquote><blockquote><p><b>action</b></p><h3>Asserts</h3><table class="grid"><tr><td style="display: none">-</td><td><b>Description</b></td><td><b>Direction</b></td><td><b>Expression</b></td><td><b>WarningOnly</b></td></tr><tr><td style="display: none">*</td><td>Confirm that the target reference in Provenance equals MessageHeader.id</td><td>request</td><td>Bundle.entry.resource.ofType(Provenance).where(target.reference.contains(%resource.entry[0].resource.id)).exists()</td><td>false</td></tr></table></blockquote><blockquote><p><b>action</b></p><h3>Asserts</h3><table class="grid"><tr><td style="display: none">-</td><td><b>Description</b></td><td><b>Direction</b></td><td><b>Expression</b></td><td><b>Operator</b></td><td><b>Value</b></td><td><b>WarningOnly</b></td></tr><tr><td style="display: none">*</td><td>Confirm that the 2 Provenance instances exists.</td><td>request</td><td>Bundle.entry.resource.ofType(Provenance).count()</td><td>equals</td><td>2</td><td>false</td></tr></table></blockquote><blockquote><p><b>action</b></p><h3>Asserts</h3><table class="grid"><tr><td style="display: none">-</td><td><b>Description</b></td><td><b>Direction</b></td><td><b>Expression</b></td><td><b>WarningOnly</b></td></tr><tr><td style="display: none">*</td><td>Confirm that the episodeOfCare-identifier is episodeOfCareID-STAA</td><td>request</td><td>Bundle.entry.resource.ofType(Encounter).where(episodeOfCare.identifier.value = '${episodeOfCareID-STAA}').count() = 1</td><td>false</td></tr></table></blockquote><blockquote><p><b>action</b></p><h3>Asserts</h3><table class="grid"><tr><td style="display: none">-</td><td><b>Description</b></td><td><b>Direction</b></td><td><b>Expression</b></td><td><b>WarningOnly</b></td></tr><tr><td style="display: none">*</td><td>Confirm that Encounter.period.start has been updated.</td><td>request</td><td>Bundle.entry.resource.ofType(Encounter).period.start != '${encounterDateTime-STAA}'</td><td>false</td></tr></table></blockquote></blockquote></div>
  </text>
  <url value="http://medcomfhir.dk/ig/hospitalnotificationtestscript/hospitalnotification-PF-send-emer-02"/>
  <version value="3.0.2"/>
  <name value="HospitalNotificationTestScript"/>
  <title value="Send: Register patient as acute ambulant, correct message due to incorrect time of admission - PF-send-emer-02"/>
  <status value="active"/>
  <date value="2023-08-14"/>
  <publisher value="MedCom"/>
  <contact>
    <name value="MedCom"/>
    <telecom>
      <system value="email"/>
      <value value="mailto:fhir@medcom.dk"/>
    </telecom>
  </contact>
  <description value="Send: Register patient as acute ambulant, correct message due to incorrect time of admission."/>
  <copyright value="MedCom 2021"/>
  <origin>
    <index value="1"/>
    <profile>
      <system value="http://terminology.hl7.org/CodeSystem/testscript-profile-origin-types"/>
      <code value="FHIR-Client"/>
    </profile>
  </origin>
  <destination>
    <index value="1"/>
    <profile>
      <system value="http://terminology.hl7.org/CodeSystem/testscript-profile-destination-types"/>
      <code value="FHIR-Server"/>
    </profile>
  </destination>
  <fixture id="create-STAA-01">
    <autocreate value="false"/>
    <autodelete value="false"/>
    <resource>
      <reference value="/FHIRSandbox/MedCom/HospitalNotification/v300-send/Fixtures/HospitalNotification-fixture.xml"/>
    </resource>
  </fixture>
  <fixture id="create-RE-STAA-02">
    <autocreate value="false"/>
    <autodelete value="false"/>
    <resource>
      <reference value="/FHIRSandbox/MedCom/HospitalNotification/v300-send/Fixtures/HospitalNotification-fixture.xml"/>
    </resource>
  </fixture>
  <profile id="hospitalnotification">
    <reference value="http://medcomfhir.dk/ig/hospitalnotification/StructureDefinition/medcom-hospitalNotification-message"/>
  </profile>
  <variable>
    <name value="messageHeaderid-STAA"/>
    <expression value="Bundle.entry[0].resource.id"/>
    <sourceId value="create-message-STAA"/>
  </variable>
  <variable>
    <name value="episodeOfCareID-STAA"/>
    <expression value="Bundle.entry.resource.ofType(Encounter).episodeOfCare.identifier.value"/>
    <sourceId value="create-message-STAA"/>
  </variable>
  <variable>
    <name value="searchParamIdentifier-STAA"/>
    <expression value="Bundle.entry.resource.ofType(MessageHeader).id"/>
    <sourceId value="create-message-STAA"/>
  </variable>
  <variable>
    <name value="encounterDateTime-STAA"/>
    <expression value="Bundle.entry.resource.ofType(Encounter).period.start"/>
    <sourceId value="create-message-STAA"/>
  </variable>
  <variable>
    <name value="messageHeaderid-RE-STAA"/>
    <expression value="Bundle.entry[0].resource.id"/>
    <sourceId value="create-message-RE-STAA"/>
  </variable>
  <variable>
    <name value="episodeOfCareID-RE-STAA"/>
    <expression value="Bundle.entry.resource.ofType(Encounter).episodeOfCare.identifier.value"/>
    <sourceId value="create-message-RE-STAA"/>
  </variable>
  <test id="hospitalnotification-create-STAA-01">
    <name value="Create a HospitalNotification STAA Message 01"/>
    <description value="Post HospitalNotification to the server."/>
    <action>
      <operation>
        <type>
          <system value="http://terminology.hl7.org/CodeSystem/testscript-operation-codes"/>
          <code value="create"/>
        </type>
        <resource value="Bundle"/>
        <description value="Post a Hospitalnotification"/>
        <destination value="1"/>
        <encodeRequestUrl value="true"/>
        <origin value="1"/>
        <responseId value="create-message-STAA"/>
        <sourceId value="create-STAA-01"/>
      </operation>
    </action>
    <action>
      <assert>
        <description value="Confirm that the returned HTTP status is okay or created."/>
        <direction value="response"/>
        <operator value="in"/>
        <responseCode value="200,201"/>
        <warningOnly value="false"/>
      </assert>
    </action>
    <action>
      <assert>
        <description value="Confirm that the client request payload contains a Bundle resource type."/>
        <direction value="request"/>
        <resource value="Bundle"/>
        <warningOnly value="false"/>
      </assert>
    </action>
    <action>
      <assert>
        <description value="Validates the bundle against http://medcomfhir.dk/ig/hospitalnotification/ImplementationGuide/dk.fhir.ig.dk-medcom-hospitalnotification"/>
        <direction value="request"/>
        <validateProfileId value="hospitalnotification"/>
        <warningOnly value="false"/>
      </assert>
    </action>
    <action>
      <assert>
        <description value="Confirm that the request resource contains the expected eventCoding.code."/>
        <direction value="request"/>
        <expression value="Bundle.entry.resource.ofType(MessageHeader).event.as(Coding).select(code = 'hospital-notification-message').allTrue()"/>
        <warningOnly value="false"/>
      </assert>
    </action>
    <action>
      <assert>
        <description value="Confirm that the Encounter class of the request resource is EMER."/>
        <direction value="request"/>
        <expression value="Bundle.entry.resource.ofType(Encounter).class.code"/>
        <operator value="equals"/>
        <value value="EMER"/>
        <warningOnly value="false"/>
      </assert>
    </action>
    <action>
      <assert>
        <description value="Confirm that the Encounter status of the request resource is in-progress."/>
        <direction value="request"/>
        <expression value="Bundle.entry.resource.ofType(Encounter).status"/>
        <operator value="equals"/>
        <value value="in-progress"/>
        <warningOnly value="false"/>
      </assert>
    </action>
    <action>
      <assert>
        <description value="Confirm that the request resource contains the expected activity code."/>
        <direction value="request"/>
        <expression value="Bundle.entry.resource.ofType(Provenance).where(activity.coding.code = 'admit-emergency').exists()"/>
        <warningOnly value="false"/>
      </assert>
    </action>
    <action>
      <assert>
        <description value="Confirm that the report of admission flag is true."/>
        <direction value="request"/>
        <expression value="Bundle.entry.resource.ofType(MessageHeader).extension.where(url='http://medcomfhir.dk/ig/hospitalnotification/StructureDefinition/medcom-messaging-reportOfAdmissionExtension').value"/>
        <operator value="equals"/>
        <value value="true"/>
        <warningOnly value="false"/>
      </assert>
    </action>
    <action>
      <assert>
        <description value="Confirm that the target reference in Provenance equals MessageHeader.id"/>
        <direction value="request"/>
        <expression value="Bundle.entry.resource.ofType(Provenance).where(target.reference.contains(%resource.entry[0].resource.id)).exists()"/>
        <warningOnly value="false"/>
      </assert>
    </action>
    <action>
      <assert>
        <description value="Confirm that the episodeOfCare-identifier has the structure of an UUID"/>
        <direction value="request"/>
        <expression value="Bundle.entry.resource.ofType(Encounter).episodeOfCare.identifier.value.matches('^[0-9(a-f|A-F)]{8}-[0-9(a-f|A-F)]{4}-4[0-9(a-f|A-F)]{3}-[89ab][0-9(a-f|A-F)]{3}-[0-9(a-f|A-F)]{12}$') or Bundle.entry.resource.ofType(Encounter).episodeOfCare.identifier.system = 'https://www.esundhed.dk/Registre/Landspatientregisteret'"/>
        <warningOnly value="false"/>
      </assert>
    </action>
    <action>
      <assert>
        <description value="Confirm that the a receiver of the report of admission exists, when the flag is true, and doesn't exists when the flag is false."/>
        <direction value="request"/>
        <expression value="Bundle.entry.resource.ofType(MessageHeader).extension.where(url='http://medcomfhir.dk/ig/hospitalnotification/StructureDefinition/medcom-messaging-reportOfAdmissionRecipientExtension').exists() = true"/>
        <warningOnly value="false"/>
      </assert>
    </action>
  </test>
  <test id="hospitalnotification-create-RE-STAA-02">
    <name value="Create a HospitalNotification RE-STAA Message 02"/>
    <description value="Post HospitalNotification to the server."/>
    <action>
      <operation>
        <type>
          <system value="http://terminology.hl7.org/CodeSystem/testscript-operation-codes"/>
          <code value="create"/>
        </type>
        <resource value="Bundle"/>
        <description value="Post a Hospitalnotification"/>
        <destination value="1"/>
        <encodeRequestUrl value="true"/>
        <origin value="1"/>
        <responseId value="create-message-RE-STAA"/>
        <sourceId value="create-RE-STAA-02"/>
      </operation>
    </action>
    <action>
      <assert>
        <description value="Confirm that the returned HTTP status is okay or created."/>
        <direction value="response"/>
        <operator value="in"/>
        <responseCode value="200,201"/>
        <warningOnly value="false"/>
      </assert>
    </action>
    <action>
      <assert>
        <description value="Confirm that the client request payload contains a Bundle resource type."/>
        <direction value="request"/>
        <resource value="Bundle"/>
        <warningOnly value="false"/>
      </assert>
    </action>
    <action>
      <assert>
        <description value="Validates the bundle against http://medcomfhir.dk/ig/hospitalnotification/ImplementationGuide/dk.fhir.ig.dk-medcom-hospitalnotification"/>
        <direction value="request"/>
        <validateProfileId value="hospitalnotification"/>
        <warningOnly value="false"/>
      </assert>
    </action>
    <action>
      <assert>
        <description value="Confirm that MessageHeader.id from the previous message is contained to Provenance.entity.what.reference"/>
        <direction value="request"/>
        <expression value="Bundle.entry.resource.ofType(Provenance).where(entity.what.reference.contains('${messageHeaderid-STAA}')).exists()"/>
        <warningOnly value="false"/>
      </assert>
    </action>
    <action>
      <assert>
        <description value="Confirm that the request resource contains the expected eventCoding.code."/>
        <direction value="request"/>
        <expression value="Bundle.entry.resource.ofType(MessageHeader).event.as(Coding).select(code = 'hospital-notification-message').allTrue()"/>
        <warningOnly value="false"/>
      </assert>
    </action>
    <action>
      <assert>
        <description value="Confirm that the role is set to revision. Not used when testing the first message in a stream"/>
        <direction value="request"/>
        <expression value="Bundle.entry.resource.ofType(Provenance).where(target.reference.contains(%resource.entry[0].resource.id)).entity.role"/>
        <operator value="equals"/>
        <value value="revision"/>
        <warningOnly value="false"/>
      </assert>
    </action>
    <action>
      <assert>
        <description value="Confirm that the Encounter class of the request resource is EMER."/>
        <direction value="request"/>
        <expression value="Bundle.entry.resource.ofType(Encounter).class.code"/>
        <operator value="equals"/>
        <value value="EMER"/>
        <warningOnly value="false"/>
      </assert>
    </action>
    <action>
      <assert>
        <description value="Confirm that the Encounter status of the request resource is in-progress."/>
        <direction value="request"/>
        <expression value="Bundle.entry.resource.ofType(Encounter).status"/>
        <operator value="equals"/>
        <value value="in-progress"/>
        <warningOnly value="false"/>
      </assert>
    </action>
    <action>
      <assert>
        <description value="Confirm that the request resource contains the expected activity code."/>
        <direction value="request"/>
        <expression value="Bundle.entry.resource.ofType(Provenance).where(activity.coding.code = 'revise-admit-emergency').exists()"/>
        <warningOnly value="false"/>
      </assert>
    </action>
    <action>
      <assert>
        <description value="Confirm that the target reference in Provenance equals MessageHeader.id"/>
        <direction value="request"/>
        <expression value="Bundle.entry.resource.ofType(Provenance).where(target.reference.contains(%resource.entry[0].resource.id)).exists()"/>
        <warningOnly value="false"/>
      </assert>
    </action>
    <action>
      <assert>
        <description value="Confirm that the 2 Provenance instances exists."/>
        <direction value="request"/>
        <expression value="Bundle.entry.resource.ofType(Provenance).count()"/>
        <operator value="equals"/>
        <value value="2"/>
        <warningOnly value="false"/>
      </assert>
    </action>
    <action>
      <assert>
        <description value="Confirm that the episodeOfCare-identifier is episodeOfCareID-STAA"/>
        <direction value="request"/>
        <expression value="Bundle.entry.resource.ofType(Encounter).where(episodeOfCare.identifier.value = '${episodeOfCareID-STAA}').count() = 1"/>
        <warningOnly value="false"/>
      </assert>
    </action>
    <action>
      <assert>
        <description value="Confirm that Encounter.period.start has been updated."/>
        <direction value="request"/>
        <expression value="Bundle.entry.resource.ofType(Encounter).period.start != '${encounterDateTime-STAA}'"/>
        <warningOnly value="false"/>
      </assert>
    </action>
  </test>
</TestScript>