{
  "resourceType": "Bundle",
  "id": "2cadabe8-9349-4b2e-9b5e-4441c9aeef4b",
  "meta": {
    "profile": [
      "http://medcomfhir.dk/ig/hospitalnotification/StructureDefinition/medcom-hospitalNotification-message"
    ]
  },
  "type": "message",
  "timestamp": "2023-02-28T10:00:06+01:00",
  "entry": [
    {
      "fullUrl": "MessageHeader/i50fc5fe-2d11-4ef3-acac-2e2e5c399006",
      "resource": {
        "resourceType": "MessageHeader",
        "id": "i50fc5fe-2d11-4ef3-acac-2e2e5c399006",
        "meta": {
          "profile": [
            "http://medcomfhir.dk/ig/hospitalnotification/StructureDefinition/medcom-hospitalNotification-messageHeader"
          ]
        },
        "text": {
          "status": "extensions",
          "div": "<div xmlns=\"http://www.w3.org/1999/xhtml\"><p><b>Generated Narrative: MessageHeader</b><a name=\"i50fc5fe-2d11-4ef3-acac-2e2e5c399006\"/></p><div style=\"display: inline-block; background-color: #d9e0e7; padding: 6px; margin: 4px; border: 1px solid #8da1b4; border-radius: 5px; line-height: 60%\"><p style=\"margin-bottom: 0px\">Resource MessageHeader \"i50fc5fe-2d11-4ef3-acac-2e2e5c399006\"</p><p style=\"margin-bottom: 0px\">Profile: \n                                <a href=\"StructureDefinition-medcom-hospitalNotification-messageHeader.html\">MedComHospitalNotificationMessageHeader</a></p></div><p><b>MedComReportOfAdmissionExtension</b>: true\n                        </p><p><b>MedComReportOfAdmissionRecipientExtension</b>: \n                            <a href=\"#Organization_1f5882b4-81d1-11ed-a1eb-0242ac120002\">See above (Organization/1f5882b4-81d1-11ed-a1eb-0242ac120002)</a></p><p><b>event</b>: Hospital Notification Message (Details: http://medcomfhir.dk/ig/terminology/CodeSystem/medcom-messaging-eventCodes code hospital-notification-message = 'Hospital Notification Message', stated as 'null')\n                        </p><h3>Destinations</h3><table class=\"grid\"><tr><td>-</td><td><b>Extension</b></td><td><b>Endpoint</b></td><td><b>Receiver</b></td></tr><tr><td>*</td><td/><td><a href=\"https://sor2.sum.dsdn.dk/#id=953741000016009\">https://sor2.sum.dsdn.dk/#id=953741000016009</a></td><td><a href=\"#Organization_103fbebe-81d1-11ed-a1eb-0242ac120002\">See above (Organization/103fbebe-81d1-11ed-a1eb-0242ac120002)</a></td></tr></table><p><b>sender</b>: \n                            <a href=\"#Organization_1f5882b4-81d1-11ed-a1eb-0242ac120002\">See above (Organization/1f5882b4-81d1-11ed-a1eb-0242ac120002)</a></p><h3>Sources</h3><table class=\"grid\"><tr><td>-</td><td><b>Endpoint</b></td></tr><tr><td>*</td><td><a href=\"https://sor2.sum.dsdn.dk/#id=265161000016000\">https://sor2.sum.dsdn.dk/#id=265161000016000</a></td></tr></table><p><b>focus</b>: \n                            <a href=\"#Encounter_h2cb16ce-af8c-46f3-be9e-89406ef3e7b5\">See above (Encounter/h2cb16ce-af8c-46f3-be9e-89406ef3e7b5)</a></p></div>"
        },
        "extension": [
          {
            "url": "http://medcomfhir.dk/ig/hospitalnotification/StructureDefinition/medcom-messaging-reportOfAdmissionExtension",
            "valueBoolean": true
          },
          {
            "url": "http://medcomfhir.dk/ig/hospitalnotification/StructureDefinition/medcom-messaging-reportOfAdmissionRecipientExtension",
            "valueReference": {
              "reference": "Organization/1f5882b4-81d1-11ed-a1eb-0242ac120002"
            }
          }
        ],
        "eventCoding": {
          "system": "http://medcomfhir.dk/ig/terminology/CodeSystem/medcom-messaging-eventCodes",
          "code": "hospital-notification-message"
        },
        "destination": [
          {
            "extension": [
              {
                "url": "http://medcomfhir.dk/ig/messaging/StructureDefinition/medcom-messaging-destinationUseExtension",
                "valueCoding": {
                  "system": "http://medcomfhir.dk/ig/terminology/CodeSystem/medcom-messaging-destinationUse",
                  "code": "primary"
                }
              }
            ],
            "endpoint": "https://sor2.sum.dsdn.dk/#id=953741000016009",
            "receiver": {
              "reference": "Organization/103fbebe-81d1-11ed-a1eb-0242ac120002"
            }
          }
        ],
        "sender": {
          "reference": "Organization/1f5882b4-81d1-11ed-a1eb-0242ac120002"
        },
        "source": {
          "endpoint": "https://sor2.sum.dsdn.dk/#id=265161000016000"
        },
        "focus": [
          {
            "reference": "Encounter/h2cb16ce-af8c-46f3-be9e-89406ef3e7b5"
          }
        ]
      }
    },
    {
      "fullUrl": "Patient/fdc1fc66-81d0-11ed-a1eb-0242ac120002",
      "resource": {
        "resourceType": "Patient",
        "id": "fdc1fc66-81d0-11ed-a1eb-0242ac120002",
        "meta": {
          "profile": [
            "http://medcomfhir.dk/ig/core/StructureDefinition/medcom-core-patient"
          ]
        },
        "text": {
          "status": "generated",
          "div": "<div xmlns=\"http://www.w3.org/1999/xhtml\"><p><b>Generated Narrative: Patient</b><a name=\"fdc1fc66-81d0-11ed-a1eb-0242ac120002\"/></p><div style=\"display: inline-block; background-color: #d9e0e7; padding: 6px; margin: 4px; border: 1px solid #8da1b4; border-radius: 5px; line-height: 60%\"><p style=\"margin-bottom: 0px\">Resource Patient \"fdc1fc66-81d0-11ed-a1eb-0242ac120002\"</p><p style=\"margin-bottom: 0px\">Profile: \n                                <a href=\"http://medcomfhir.dk/ig/core/2.1.0/StructureDefinition-medcom-core-patient.html\">MedComCorePatient</a></p></div><p><b>identifier</b>: id: 2509479989\n                        </p><p><b>name</b>: Elmer (OFFICIAL)\n                        </p></div>"
        },
        "identifier": [
          {
            "system": "urn:oid:1.2.208.176.1.2",
            "value": "2509479989"
          }
        ],
        "name": [
          {
            "use": "official",
            "family": "Elmer"
          }
        ]
      }
    },
    {
      "fullUrl": "Encounter/h2cb16ce-af8c-46f3-be9e-89406ef3e7b5",
      "resource": {
        "resourceType": "Encounter",
        "id": "h2cb16ce-af8c-46f3-be9e-89406ef3e7b5",
        "meta": {
          "profile": [
            "http://medcomfhir.dk/ig/hospitalnotification/StructureDefinition/medcom-hospitalNotification-encounter"
          ]
        },
        "text": {
          "status": "generated",
          "div": "<div xmlns=\"http://www.w3.org/1999/xhtml\"><p><b>Generated Narrative: Encounter</b><a name=\"h2cb16ce-af8c-46f3-be9e-89406ef3e7b5\"/></p><div style=\"display: inline-block; background-color: #d9e0e7; padding: 6px; margin: 4px; border: 1px solid #8da1b4; border-radius: 5px; line-height: 60%\"><p style=\"margin-bottom: 0px\">Resource Encounter \"h2cb16ce-af8c-46f3-be9e-89406ef3e7b5\"</p><p style=\"margin-bottom: 0px\">Profile: \n                                <a href=\"StructureDefinition-medcom-hospitalNotification-encounter.html\">MedComHospitalNotificationEncounter</a></p></div><p><b>status</b>: in-progress\n                        </p><p><b>class</b>: emergency (Details: http://terminology.hl7.org/CodeSystem/v3-ActCode code EMER = 'emergency', stated as 'null')\n                        </p><p><b>subject</b>: \n                            <a href=\"#Patient_fdc1fc66-81d0-11ed-a1eb-0242ac120002\">See above (Patient/fdc1fc66-81d0-11ed-a1eb-0242ac120002)</a></p><p><b>episodeOfCare</b>: \n                            <span/></p><p><b>period</b>: 2023-02-28 10:00:04+0200 --&gt; (ongoing)\n                        </p><p><b>serviceProvider</b>: \n                            <a href=\"#Organization_1f5882b4-81d1-11ed-a1eb-0242ac120002\">See above (Organization/1f5882b4-81d1-11ed-a1eb-0242ac120002)</a></p></div>"
        },
        "status": "in-progress",
        "class": {
          "system": "http://terminology.hl7.org/CodeSystem/v3-ActCode",
          "code": "EMER"
        },
        "subject": {
          "reference": "Patient/fdc1fc66-81d0-11ed-a1eb-0242ac120002"
        },
        "episodeOfCare": [
          {
            "identifier": {
              "system": "https://sor2.sum.dsdn.dk/#id=265161000016000",
              "value": "c1280ebe-676b-480f-b27c-545972b4888e"
            }
          }
        ],
        "period": {
          "start": "2023-02-28T10:00:04+01:00"
        },
        "serviceProvider": {
          "reference": "Organization/1f5882b4-81d1-11ed-a1eb-0242ac120002"
        }
      }
    },
    {
      "fullUrl": "Organization/103fbebe-81d1-11ed-a1eb-0242ac120002",
      "resource": {
        "resourceType": "Organization",
        "id": "103fbebe-81d1-11ed-a1eb-0242ac120002",
        "meta": {
          "profile": [
            "http://medcomfhir.dk/ig/messaging/StructureDefinition/medcom-messaging-organization"
          ]
        },
        "text": {
          "status": "generated",
          "div": "<div xmlns=\"http://www.w3.org/1999/xhtml\"><p><b>Generated Narrative: Organization</b><a name=\"103fbebe-81d1-11ed-a1eb-0242ac120002\"/></p><div style=\"display: inline-block; background-color: #d9e0e7; padding: 6px; margin: 4px; border: 1px solid #8da1b4; border-radius: 5px; line-height: 60%\"><p style=\"margin-bottom: 0px\">Resource Organization \"103fbebe-81d1-11ed-a1eb-0242ac120002\"</p><p style=\"margin-bottom: 0px\">Profile: \n                                <a href=\"http://medcomfhir.dk/ig/messaging/2.0.0/StructureDefinition-medcom-messaging-organization.html\">MedComMessagingOrganization</a></p></div><p><b>identifier</b>: id: 5790001348120, id: 953741000016009\n                        </p><p><b>name</b>: Plejecenter Herlev\n                        </p></div>"
        },
        "identifier": [
          {
            "system": "https://www.gs1.org/gln",
            "value": "5790001348120"
          },
          {
            "system": "urn:oid:1.2.208.176.1.1",
            "value": "953741000016009"
          }
        ],
        "name": "Plejecenter Herlev"
      }
    },
    {
      "fullUrl": "Organization/1f5882b4-81d1-11ed-a1eb-0242ac120002",
      "resource": {
        "resourceType": "Organization",
        "id": "1f5882b4-81d1-11ed-a1eb-0242ac120002",
        "meta": {
          "profile": [
            "http://medcomfhir.dk/ig/messaging/StructureDefinition/medcom-messaging-organization"
          ]
        },
        "text": {
          "status": "generated",
          "div": "<div xmlns=\"http://www.w3.org/1999/xhtml\"><p><b>Generated Narrative: Organization</b><a name=\"1f5882b4-81d1-11ed-a1eb-0242ac120002\"/></p><div style=\"display: inline-block; background-color: #d9e0e7; padding: 6px; margin: 4px; border: 1px solid #8da1b4; border-radius: 5px; line-height: 60%\"><p style=\"margin-bottom: 0px\">Resource Organization \"1f5882b4-81d1-11ed-a1eb-0242ac120002\"</p><p style=\"margin-bottom: 0px\">Profile: \n                                <a href=\"http://medcomfhir.dk/ig/messaging/2.0.0/StructureDefinition-medcom-messaging-organization.html\">MedComMessagingOrganization</a></p></div><p><b>identifier</b>: id: 5790000209354, id: 265161000016000\n                        </p><p><b>name</b>: Hjerteafdelingen på Herlev og Gentofte hospital\n                        </p></div>"
        },
        "identifier": [
          {
            "system": "https://www.gs1.org/gln",
            "value": "5790000209354"
          },
          {
            "system": "urn:oid:1.2.208.176.1.1",
            "value": "265161000016000"
          }
        ],
        "name": "Hjerteafdelingen på Herlev og Gentofte hospital"
      }
    },
    {
      "fullUrl": "Provenance/h60bd482-9c47-43c5-9b77-1134eaa2d5f0",
      "resource": {
        "resourceType": "Provenance",
        "id": "h60bd482-9c47-43c5-9b77-1134eaa2d5f0",
        "meta": {
          "profile": [
            "http://medcomfhir.dk/ig/messaging/StructureDefinition/medcom-messaging-provenance"
          ]
        },
        "text": {
          "status": "generated",
          "div": "<div xmlns=\"http://www.w3.org/1999/xhtml\"><p><b>Generated Narrative: Provenance</b><a name=\"h60bd482-9c47-43c5-9b77-1134eaa2d5f0\"/></p><div style=\"display: inline-block; background-color: #d9e0e7; padding: 6px; margin: 4px; border: 1px solid #8da1b4; border-radius: 5px; line-height: 60%\"><p style=\"margin-bottom: 0px\">Resource Provenance \"h60bd482-9c47-43c5-9b77-1134eaa2d5f0\"</p><p style=\"margin-bottom: 0px\">Profile: \n                                <a href=\"http://medcomfhir.dk/ig/messaging/2.0.0/StructureDefinition-medcom-messaging-provenance.html\">MedComMessagingProvenance</a></p></div><p><b>target</b>: \n                            <a href=\"#MessageHeader_i50fc5fe-2d11-4ef3-acac-2e2e5c399006\">See above (MessageHeader/i50fc5fe-2d11-4ef3-acac-2e2e5c399006)</a></p><p><b>occurred</b>: 2023-02-28 10:00:06+0200\n                        </p><p><b>recorded</b>: 1. dec. 2022 09.00.06\n                        </p><p><b>activity</b>: Start hospital stay-acute ambulant \n                            <span style=\"background: LightGoldenRodYellow; margin: 4px; border: 1px solid khaki\">(\n                                <a href=\"http://medcomfhir.dk/ig/terminology/1.1.1/CodeSystem-medcom-messaging-activityCodes.html\">MedComMessagingActivityCodes</a>#admit-emergency)\n                            </span></p><h3>Agents</h3><table class=\"grid\"><tr><td>-</td><td><b>Who</b></td></tr><tr><td>*</td><td><a href=\"#Organization_1f5882b4-81d1-11ed-a1eb-0242ac120002\">See above (Organization/1f5882b4-81d1-11ed-a1eb-0242ac120002)</a></td></tr></table></div>"
        },
        "target": [
          {
            "reference": "MessageHeader/i50fc5fe-2d11-4ef3-acac-2e2e5c399006"
          }
        ],
        "occurredDateTime": "2023-02-28T10:00:06+01:00",
        "recorded": "2023-02-28T10:00:06+01:00",
        "activity": {
          "coding": [
            {
              "system": "http://medcomfhir.dk/ig/terminology/CodeSystem/medcom-messaging-activityCodes",
              "code": "admit-emergency"
            }
          ]
        },
        "agent": [
          {
            "who": {
              "reference": "Organization/1f5882b4-81d1-11ed-a1eb-0242ac120002"
            }
          }
        ]
      }
    }
  ]
}